insert into CUERPOSESTADO (ID,DESCRIPCION,FECHA_ALTA,NOMBRE_CORTO,USERNAME_ALTA) values ('1','Policía Nacional',TODAY,'PN','system');
insert into CUERPOSESTADO (ID,DESCRIPCION,FECHA_ALTA,NOMBRE_CORTO,USERNAME_ALTA) values ('2','Guardia Civil',TODAY,'GC','system');
insert into CUERPOSESTADO (ID,DESCRIPCION,FECHA_ALTA,NOMBRE_CORTO,USERNAME_ALTA) values ('3','Cuerpo General de la Administración',TODAY,'CGA','system');
insert into CUERPOSESTADO (ID,DESCRIPCION,FECHA_ALTA,NOMBRE_CORTO,USERNAME_ALTA) values ('4','Cuerpos Comunes de la Defensa',TODAY,'CCD','system');
insert into CUERPOSESTADO (ID,DESCRIPCION,FECHA_ALTA,NOMBRE_CORTO,USERNAME_ALTA) values ('5','Contratados',TODAY,'CONTR','system');
insert into CUERPOSESTADO (ID,DESCRIPCION,FECHA_ALTA,NOMBRE_CORTO,USERNAME_ALTA) values ('6','Correos y Telégrafos',TODAY,'CT','system');

insert into CLASE_USUARIO (ID_CLASE,CLASE) values ('1','FCSE');
insert into CLASE_USUARIO (ID_CLASE,CLASE) values ('2','FCSE-FC');
insert into CLASE_USUARIO (ID_CLASE,CLASE) values ('3','RPT');
insert into CLASE_USUARIO (ID_CLASE,CLASE) values ('4','RPT-FC');

insert into DEPARTAMENTO (ID,DESCRIPCION,FECHA_ALTA,FECHA_BAJA,fecha_modificacion,USERNAME_ALTA,USERNAME_BAJA,USERNAME_MODIF) values ('1','Subdirección General de Inspección y Servicios',TODAY,null,null,'system',null,null);
insert into DEPARTAMENTO (ID,DESCRIPCION,FECHA_ALTA,FECHA_BAJA,fecha_modificacion,USERNAME_ALTA,USERNAME_BAJA,USERNAME_MODIF) values ('2','Secretaría Técnica',TODAY,null,null,'system',null,null);
insert into DEPARTAMENTO (ID,DESCRIPCION,FECHA_ALTA,FECHA_BAJA,fecha_modificacion,USERNAME_ALTA,USERNAME_BAJA,USERNAME_MODIF) values ('3','Jefatura de Inspecciones',TODAY,null,null,'system',null,null);
insert into DEPARTAMENTO (ID,DESCRIPCION,FECHA_ALTA,FECHA_BAJA,fecha_modificacion,USERNAME_ALTA,USERNAME_BAJA,USERNAME_MODIF) values ('4','Equipos de Inspecciones Generales',TODAY,null,null,'system',null,null);
insert into DEPARTAMENTO (ID,DESCRIPCION,FECHA_ALTA,FECHA_BAJA,fecha_modificacion,USERNAME_ALTA,USERNAME_BAJA,USERNAME_MODIF) values ('5','Equipo de Inspecciones Temáticas y PRL',TODAY,null,null,'system',null,null);
insert into DEPARTAMENTO (ID,DESCRIPCION,FECHA_ALTA,FECHA_BAJA,fecha_modificacion,USERNAME_ALTA,USERNAME_BAJA,USERNAME_MODIF) values ('6','ROLE_GABINETE de Estudios y Análisis',TODAY,null,null,'system',null,null);
insert into DEPARTAMENTO (ID,DESCRIPCION,FECHA_ALTA,FECHA_BAJA,fecha_modificacion,USERNAME_ALTA,USERNAME_BAJA,USERNAME_MODIF) values ('7','Servicio de Calidad y Quejas',TODAY,null,null,'system',null,null);
insert into DEPARTAMENTO (ID,DESCRIPCION,FECHA_ALTA,FECHA_BAJA,fecha_modificacion,USERNAME_ALTA,USERNAME_BAJA,USERNAME_MODIF) values ('8','Servicio de Apoyo',TODAY,null,null,'system',null,null);
insert into DEPARTAMENTO (ID,DESCRIPCION,FECHA_ALTA,FECHA_BAJA,fecha_modificacion,USERNAME_ALTA,USERNAME_BAJA,USERNAME_MODIF) values ('9','Secretaría',TODAY,null,null,'system',null,null);
insert into DEPARTAMENTO (ID,DESCRIPCION,FECHA_ALTA,FECHA_BAJA,fecha_modificacion,USERNAME_ALTA,USERNAME_BAJA,USERNAME_MODIF) values ('10','Asesores',TODAY,null,null,'system',null,null);
insert into DEPARTAMENTO (ID,DESCRIPCION,FECHA_ALTA,FECHA_BAJA,fecha_modificacion,USERNAME_ALTA,USERNAME_BAJA,USERNAME_MODIF) values ('11','Conductores',TODAY,null,null,'system',null,null);

insert into EMPLEO (ID,DESCRIPCION,NOMBRE_CORTO,ID_CUERPO) values ('1','Teniente General','Tte. Gral.','2');
insert into EMPLEO (ID,DESCRIPCION,NOMBRE_CORTO,ID_CUERPO) values ('2','General de División','Gral. Div.','2');
insert into EMPLEO (ID,DESCRIPCION,NOMBRE_CORTO,ID_CUERPO) values ('3','General de Brigada','Gral. Bri.','2');
insert into EMPLEO (ID,DESCRIPCION,NOMBRE_CORTO,ID_CUERPO) values ('4','Coronel','Col.','2');
insert into EMPLEO (ID,DESCRIPCION,NOMBRE_CORTO,ID_CUERPO) values ('5','Teniente Coronel','TCol.','2');
insert into EMPLEO (ID,DESCRIPCION,NOMBRE_CORTO,ID_CUERPO) values ('6','Comandante','Comte.','2');
insert into EMPLEO (ID,DESCRIPCION,NOMBRE_CORTO,ID_CUERPO) values ('7','Capitán','Ctan.','2');
insert into EMPLEO (ID,DESCRIPCION,NOMBRE_CORTO,ID_CUERPO) values ('8','Teniente','Tte.','2');
insert into EMPLEO (ID,DESCRIPCION,NOMBRE_CORTO,ID_CUERPO) values ('9','Alférez','Alfz.','2');
insert into EMPLEO (ID,DESCRIPCION,NOMBRE_CORTO,ID_CUERPO) values ('10','Suboficial Mayor','Subof. May.','2');
insert into EMPLEO (ID,DESCRIPCION,NOMBRE_CORTO,ID_CUERPO) values ('11','Subteniente','Subte.','2');
insert into EMPLEO (ID,DESCRIPCION,NOMBRE_CORTO,ID_CUERPO) values ('12','Brigada','Bgda.','2');
insert into EMPLEO (ID,DESCRIPCION,NOMBRE_CORTO,ID_CUERPO) values ('13','Sargento Primero','Sgto.1','2');
insert into EMPLEO (ID,DESCRIPCION,NOMBRE_CORTO,ID_CUERPO) values ('14','Sargento','Sgto.','2');
insert into EMPLEO (ID,DESCRIPCION,NOMBRE_CORTO,ID_CUERPO) values ('15','Cabo Mayor','Cab.1','2');
insert into EMPLEO (ID,DESCRIPCION,NOMBRE_CORTO,ID_CUERPO) values ('16','Cabo','Cab.','2');
insert into EMPLEO (ID,DESCRIPCION,NOMBRE_CORTO,ID_CUERPO) values ('17','Guardia Civil','Gua.Civ.','2');
insert into EMPLEO (ID,DESCRIPCION,NOMBRE_CORTO,ID_CUERPO) values ('18','Comisario Principal','Com. Pral','1');
insert into EMPLEO (ID,DESCRIPCION,NOMBRE_CORTO,ID_CUERPO) values ('19','Comisario','Com.','1');
insert into EMPLEO (ID,DESCRIPCION,NOMBRE_CORTO,ID_CUERPO) values ('20','Inspector Jefe','Insp.J.','1');
insert into EMPLEO (ID,DESCRIPCION,NOMBRE_CORTO,ID_CUERPO) values ('21','Inspector','Insp.','1');
insert into EMPLEO (ID,DESCRIPCION,NOMBRE_CORTO,ID_CUERPO) values ('22','Facultativo','Facul.','1');
insert into EMPLEO (ID,DESCRIPCION,NOMBRE_CORTO,ID_CUERPO) values ('23','Subinspector','Subins.','1');
insert into EMPLEO (ID,DESCRIPCION,NOMBRE_CORTO,ID_CUERPO) values ('24','Oficial de Policía','Ofi.Pol.','1');
insert into EMPLEO (ID,DESCRIPCION,NOMBRE_CORTO,ID_CUERPO) values ('25','Policía','Pol.','1');
insert into EMPLEO (ID,DESCRIPCION,NOMBRE_CORTO,ID_CUERPO) values ('26','General de Brigada','Gral. Brig.','4');
insert into EMPLEO (ID,DESCRIPCION,NOMBRE_CORTO,ID_CUERPO) values ('27','Coronel','Col.','4');
insert into EMPLEO (ID,DESCRIPCION,NOMBRE_CORTO,ID_CUERPO) values ('28','Teniente Coronel','TCol.','4');
insert into EMPLEO (ID,DESCRIPCION,NOMBRE_CORTO,ID_CUERPO) values ('29','Comandante','Comte.','4');
insert into EMPLEO (ID,DESCRIPCION,NOMBRE_CORTO,ID_CUERPO) values ('30','Capitán','Ctan.','4');
insert into EMPLEO (ID,DESCRIPCION,NOMBRE_CORTO,ID_CUERPO) values ('31','Teniente','Tte.','4');
insert into EMPLEO (ID,DESCRIPCION,NOMBRE_CORTO,ID_CUERPO) values ('32','Alférez','Alf.','4');
insert into EMPLEO (ID,DESCRIPCION,NOMBRE_CORTO,ID_CUERPO) values ('33','Técnico de la Administración Central','TecAdmCent.','3');
insert into EMPLEO (ID,DESCRIPCION,NOMBRE_CORTO,ID_CUERPO) values ('34','Técnico Superior de Sistemas','TecSupSis.','3');
insert into EMPLEO (ID,DESCRIPCION,NOMBRE_CORTO,ID_CUERPO) values ('35','Facultativo','Facul.','3');
insert into EMPLEO (ID,DESCRIPCION,NOMBRE_CORTO,ID_CUERPO) values ('36','Secretaría','Secre.','3');
insert into EMPLEO (ID,DESCRIPCION,NOMBRE_CORTO,ID_CUERPO) values ('37','Administrativo','Adminis.','3');
insert into EMPLEO (ID,DESCRIPCION,NOMBRE_CORTO,ID_CUERPO) values ('38','Auxiliar Administrativo','AuxAdminis.','3');
insert into EMPLEO (ID,DESCRIPCION,NOMBRE_CORTO,ID_CUERPO) values ('39','Técnico','Tec.','5');
insert into EMPLEO (ID,DESCRIPCION,NOMBRE_CORTO,ID_CUERPO) values ('40','Administrativo','Adminis.','5');
insert into EMPLEO (ID,DESCRIPCION,NOMBRE_CORTO,ID_CUERPO) values ('41','Ejecutivo Post. Y de Telecomunicaciones','CEPyT.','6');

insert into TIPO_EQUIPO (ID,CODIGO,DESCRIPCION) values ('1','IAPRL','Inspecciones Área Prevención de Riesgos Laborales');
insert into TIPO_EQUIPO (ID,CODIGO,DESCRIPCION) values ('2','IG','Inspecciones Generales');
insert into TIPO_EQUIPO (ID,CODIGO,DESCRIPCION) values ('3','IS','Inspecciones de Seguimiento');
insert into TIPO_EQUIPO (ID,CODIGO,DESCRIPCION) values ('4','II','Inspecciones Incidentales');
insert into TIPO_EQUIPO (ID,CODIGO,DESCRIPCION) values ('5','IPRL','Inspecciones Prevención de Riesgos Laborales');
insert into TIPO_EQUIPO (ID,CODIGO,DESCRIPCION) values ('6','CIES','Inspecciones Temáticas (CIES).');
insert into TIPO_EQUIPO (ID,CODIGO,DESCRIPCION) values ('7','SCQ','Servicio de Calidad y Quejas');
insert into TIPO_EQUIPO (ID,CODIGO,DESCRIPCION) values ('8','SO','Secretaria Y Otros');

insert into TIPODOCUMENTACIONPREVIA (ID,AMBITO,DESCRIPCION,EXTENSIONES,NOMBRE) values ('1','GC','Actas de las Comisiones Provinciales de Seguridad Privada de los años 2014 y 2015','PDF','ACPSP');
insert into TIPODOCUMENTACIONPREVIA (ID,AMBITO,DESCRIPCION,EXTENSIONES,NOMBRE) values ('2','PN','Actas de las Comisiones Provinciales de Seguridad Privada de los años 2014 y 2015','PDF','ACPSP');
insert into TIPODOCUMENTACIONPREVIA (ID,AMBITO,DESCRIPCION,EXTENSIONES,NOMBRE) values ('3','GC','Actas de las Comisiones de Coordinación de Policía Judicial de los años 2014 y 2015','PDF','ACCPJ');
insert into TIPODOCUMENTACIONPREVIA (ID,AMBITO,DESCRIPCION,EXTENSIONES,NOMBRE) values ('4','PN','Actas de las Comisiones de Coordinación de Policía Judicial de los años 2014 y 2015','PDF','ACCPJ');
insert into TIPODOCUMENTACIONPREVIA (ID,AMBITO,DESCRIPCION,EXTENSIONES,NOMBRE) values ('5','GC','Actas de las Juntas Locales de Seguridad de los años 2014 y 2015','PDF','AJLS');
insert into TIPODOCUMENTACIONPREVIA (ID,AMBITO,DESCRIPCION,EXTENSIONES,NOMBRE) values ('6','PN','Actas de las Juntas Locales de Seguridad de los años 2014 y 2015','PDF','AJLS');
insert into TIPODOCUMENTACIONPREVIA (ID,AMBITO,DESCRIPCION,EXTENSIONES,NOMBRE) values ('7','GC','Actas de las Juntas de Coordinación de 2015','PDF','AJC');
insert into TIPODOCUMENTACIONPREVIA (ID,AMBITO,DESCRIPCION,EXTENSIONES,NOMBRE) values ('8','GC','Catálogo de Puestos de Trabajo (última aprobación CECIR) y fuerza en revista','XLS, XLSX','CPT');
insert into TIPODOCUMENTACIONPREVIA (ID,AMBITO,DESCRIPCION,EXTENSIONES,NOMBRE) values ('9','GC','Convenios de colaboración con Policías Locales (tanto genéricos como específicos)','PDF','CCPL');
insert into TIPODOCUMENTACIONPREVIA (ID,AMBITO,DESCRIPCION,EXTENSIONES,NOMBRE) values ('10','PN','Convenios de colaboración con Policías Locales (tanto genéricos como específicos)','PDF','CCPL');
insert into TIPODOCUMENTACIONPREVIA (ID,AMBITO,DESCRIPCION,EXTENSIONES,NOMBRE) values ('11','PN','Copia de las actas de las reuniones sindicales celebradas en 2014 y 2015','PDF','CAS');
insert into TIPODOCUMENTACIONPREVIA (ID,AMBITO,DESCRIPCION,EXTENSIONES,NOMBRE) values ('12','PN','Documentación relativa al Plan Territorial. Objetivos operativos fijados para 2015','PDF','PTyO');
insert into TIPODOCUMENTACIONPREVIA (ID,AMBITO,DESCRIPCION,EXTENSIONES,NOMBRE) values ('13','PN','Evaluación de Riesgos Laborales','PDF','PRL');
insert into TIPODOCUMENTACIONPREVIA (ID,AMBITO,DESCRIPCION,EXTENSIONES,NOMBRE) values ('14','GC','Libro de Organización y Libro de Normas de Régimen Interno','PDF','LOYRI');
insert into TIPODOCUMENTACIONPREVIA (ID,AMBITO,DESCRIPCION,EXTENSIONES,NOMBRE) values ('15','GC','Mapa con la distribución territorial de sus Unidades subordinadas.','JPG, JPEG, PNG, BMP','mapa');
insert into TIPODOCUMENTACIONPREVIA (ID,AMBITO,DESCRIPCION,EXTENSIONES,NOMBRE) values ('16','GC','Memoria Anual de 2015','PDF','MA');
insert into TIPODOCUMENTACIONPREVIA (ID,AMBITO,DESCRIPCION,EXTENSIONES,NOMBRE) values ('17','PN','Memoria Anual de 2015','PDF','MA');
insert into TIPODOCUMENTACIONPREVIA (ID,AMBITO,DESCRIPCION,EXTENSIONES,NOMBRE) values ('18','GC','Organigrama de la Comandancia (Unidades Territoriales y Especialidades)','DOC, DOCX, PPTX, PPT, PUB','organigrama');
insert into TIPODOCUMENTACIONPREVIA (ID,AMBITO,DESCRIPCION,EXTENSIONES,NOMBRE) values ('19','GC','Organigrama de la Compañía (Unidades Territoriales y Especialidades)','DOC, DOCX, PPTX, PPT, PUB','organigrama');
insert into TIPODOCUMENTACIONPREVIA (ID,AMBITO,DESCRIPCION,EXTENSIONES,NOMBRE) values ('20','GC','Organigrama de la Zona (Unidades Territoriales y Especialidades)','DOC, DOCX, PPTX, PPT, PUB','organigrama');
insert into TIPODOCUMENTACIONPREVIA (ID,AMBITO,DESCRIPCION,EXTENSIONES,NOMBRE) values ('21','PN','Organigramas de la Unidad, con detalle de sus Unidades y Servicios','DOC, DOCX, PPTX, PPT, PUB','organigrama');
insert into TIPODOCUMENTACIONPREVIA (ID,AMBITO,DESCRIPCION,EXTENSIONES,NOMBRE) values ('22','GC','Plan anual de la Unidad Orgánica de Policía Judicial vigente','PDF','PAUOPJ');
insert into TIPODOCUMENTACIONPREVIA (ID,AMBITO,DESCRIPCION,EXTENSIONES,NOMBRE) values ('23','GC','Plan de Emergencia','PDF','PE');
insert into TIPODOCUMENTACIONPREVIA (ID,AMBITO,DESCRIPCION,EXTENSIONES,NOMBRE) values ('24','PN','Plan de Emergencia','PDF','PE');
insert into TIPODOCUMENTACIONPREVIA (ID,AMBITO,DESCRIPCION,EXTENSIONES,NOMBRE) values ('25','GC','Plan de Seguridad Ciudadana','PDF','PSC');
insert into TIPODOCUMENTACIONPREVIA (ID,AMBITO,DESCRIPCION,EXTENSIONES,NOMBRE) values ('26','GC','Relación de mandos de las distintas Unidades, de categoría Oficial, con indicación de teléfonos y correos electrónicos de contacto','DOC, DOCX, PDF','RM');
insert into TIPODOCUMENTACIONPREVIA (ID,AMBITO,DESCRIPCION,EXTENSIONES,NOMBRE) values ('27','GC','Relación de municipios que configuran la demarcación de la compañía','DOC, DOCX','RMD');
insert into TIPODOCUMENTACIONPREVIA (ID,AMBITO,DESCRIPCION,EXTENSIONES,NOMBRE) values ('28','PN','Relación del Equipo Directivo con indicación del nombre y apellidos, categoría y cargo, números de teléfono y dirección de correo electrónico','DOC, DOCX','RM');


insert into tipos_inspeccion (codigo,descripcion,fecha_alta,username_alta) values ('I.G.P.','I.Gral.Periodica',trunc(sysdate),'system');
insert into tipos_inspeccion (codigo,descripcion,fecha_alta,username_alta) values ('I.G.S.','I.Gral.Seguimiento',trunc(sysdate),'system');
insert into tipos_inspeccion (codigo,descripcion,fecha_alta,username_alta) values ('I.T_PRL','I.Temática PRL',trunc(sysdate),'system');
insert into tipos_inspeccion (codigo,descripcion,fecha_alta,username_alta) values ('I.T_CIE','I.Temática CIE',trunc(sysdate),'system');
insert into tipos_inspeccion (codigo,descripcion,fecha_alta,username_alta) values ('I.T_OT','I.Temática otros',trunc(sysdate),'system');
insert into tipos_inspeccion (codigo,descripcion,fecha_alta,username_alta) values ('I.E_INCD','I. Incidental extraordinaria',trunc(sysdate),'system');
insert into tipos_inspeccion (codigo,descripcion,fecha_alta,username_alta) values ('I.E_PRL','I.PRL extraordinaria',trunc(sysdate),'system');
insert into tipos_inspeccion (codigo,descripcion,fecha_alta,username_alta) values ('I.E_PUNT','I.Puntual extraordinaria',trunc(sysdate),'system');


insert into PARAMETROS (CLAVE,SECCION,VALOR) values ('ApoyoCorreo','datosApoyo','mmayo@interior.es');
insert into PARAMETROS (CLAVE,SECCION,VALOR) values ('ApoyoNombre','datosApoyo','Manuel Mayo Rodríguez');
insert into PARAMETROS (CLAVE,SECCION,VALOR) values ('ApoyoPuesto','datosApoyo','Inspector Auditor, Jefe del Servicio de Apoyo');
insert into PARAMETROS (CLAVE,SECCION,VALOR) values ('ApoyoTelefono','datosApoyo','91.537.25.41');
insert into PARAMETROS (CLAVE,SECCION,VALOR) values ('BMP','extensiones','image/bmp');
insert into PARAMETROS (CLAVE,SECCION,VALOR) values ('DOC','extensiones','application/msword');
insert into PARAMETROS (CLAVE,SECCION,VALOR) values ('DOCX','extensiones','application/vnd.openxmlformats-officedocument.wordprocessingml.document');
insert into PARAMETROS (CLAVE,SECCION,VALOR) values ('GC','URLPROGESIN','http://194.224.253.45:8080/progesin');
insert into PARAMETROS (CLAVE,SECCION,VALOR) values ('JPEG','extensiones','image/jpeg');
insert into PARAMETROS (CLAVE,SECCION,VALOR) values ('OTROS','URLPROGESIN','http://194.224.253.45:8080/progesin');
insert into PARAMETROS (CLAVE,SECCION,VALOR) values ('PDF','extensiones','application/pdf');
insert into PARAMETROS (CLAVE,SECCION,VALOR) values ('PN','URLPROGESIN','http://194.224.253.45:8080/progesin');
insert into PARAMETROS (CLAVE,SECCION,VALOR) values ('PNG','extensiones','image/png');
insert into PARAMETROS (CLAVE,SECCION,VALOR) values ('PPT','extensiones','application/vnd.ms-powerpoint');
insert into PARAMETROS (CLAVE,SECCION,VALOR) values ('PPTX','extensiones','application/vnd.openxmlformats-officedocument.presentationml.presentation');
insert into PARAMETROS (CLAVE,SECCION,VALOR) values ('PUB','extensiones','application/x-mspublisher');
insert into PARAMETROS (CLAVE,SECCION,VALOR) values ('UserPwd','mail','ipss2016');
insert into PARAMETROS (CLAVE,SECCION,VALOR) values ('XLS','extensiones','application/vnd.ms-excel');
insert into PARAMETROS (CLAVE,SECCION,VALOR) values ('XLSX','extensiones','application/vnd.openxmlformats-officedocument.spreadsheetml.sheet');
insert into PARAMETROS (CLAVE,SECCION,VALOR) values ('dominiosCorreo','dominiosCorreo','ezentis.com|interior.es|policia.es|dgp.mir.es|guardiacivil.org|guardiacivil.es');
insert into PARAMETROS (CLAVE,SECCION,VALOR) values ('mail.smtp.auth','mail','true');
insert into PARAMETROS (CLAVE,SECCION,VALOR) values ('mail.smtp.host','mail','smtp.gmail.com');
insert into PARAMETROS (CLAVE,SECCION,VALOR) values ('mail.smtp.port','mail','587');
insert into PARAMETROS (CLAVE,SECCION,VALOR) values ('mail.smtp.ssl.trust','mail','smtp.gmail.com');
insert into PARAMETROS (CLAVE,SECCION,VALOR) values ('mail.smtp.starttls.enable','mail','true');
insert into PARAMETROS (CLAVE,SECCION,VALOR) values ('mail.smtp.user','mail','progesinipss@gmail.com');
insert into parametros(seccion, clave, valor) values ('plantillasGC','Comandancia', '1');
insert into parametros(seccion, clave, valor) values ('plantillasGC','Compañía', '2');
insert into parametros(seccion, clave, valor) values ('plantillasGC','Zona', '3');
insert into PARAMETROS (CLAVE,SECCION,VALOR) values ('plazoDiasCuestionario','tareas','5');
insert into PARAMETROS (CLAVE,SECCION,VALOR) values ('plazoDiasDocumentacion','tareas','5');

Insert into PUESTOSTRABAJO (ID,DESCRIPCION,FECHA_ALTA,USERNAME_ALTA) values (1,'Subdirector General',SYSDATE,'system');
Insert into PUESTOSTRABAJO (ID,DESCRIPCION,FECHA_ALTA,USERNAME_ALTA) values (2,'Secretario Técnico',SYSDATE,'system');
Insert into PUESTOSTRABAJO (ID,DESCRIPCION,FECHA_ALTA,USERNAME_ALTA) values (3,'Jefe de Servicios de Inspección',SYSDATE,'system');
Insert into PUESTOSTRABAJO (ID,DESCRIPCION,FECHA_ALTA,USERNAME_ALTA) values (4,'Responsable Estudios y Programas',SYSDATE,'system');
Insert into PUESTOSTRABAJO (ID,DESCRIPCION,FECHA_ALTA,USERNAME_ALTA) values (5,'Jefe de Equipo Inspecciones',SYSDATE,'system');
Insert into PUESTOSTRABAJO (ID,DESCRIPCION,FECHA_ALTA,USERNAME_ALTA) values (6,'Inspector-Auditor',SYSDATE,'system');
Insert into PUESTOSTRABAJO (ID,DESCRIPCION,FECHA_ALTA,USERNAME_ALTA) values (7,'Jefe de Apoyo',SYSDATE,'system');
Insert into PUESTOSTRABAJO (ID,DESCRIPCION,FECHA_ALTA,USERNAME_ALTA) values (8,'Jefe de Sección',SYSDATE,'system');
Insert into PUESTOSTRABAJO (ID,DESCRIPCION,FECHA_ALTA,USERNAME_ALTA) values (9,'Personal de Apoyo',SYSDATE,'system');
Insert into PUESTOSTRABAJO (ID,DESCRIPCION,FECHA_ALTA,USERNAME_ALTA) values (10,'Jefe de Negociado',SYSDATE,'system');
Insert into PUESTOSTRABAJO (ID,DESCRIPCION,FECHA_ALTA,USERNAME_ALTA) values (11,'Fuera de Catálogo (Conductores)',SYSDATE,'system');
Insert into PUESTOSTRABAJO (ID,DESCRIPCION,FECHA_ALTA,USERNAME_ALTA) values (12,'Secretaria de N30',SYSDATE,'system');


insert into USERS (USERNAME,PRIM_APELLIDO,SEGUNDO_APELLIDO,CORREO,DOC_IDENTIDAD,CATEGORIA,DESPACHO,ESTADO,FECHA_ALTA,FECHA_BAJA,FECHA_DESTINO_IPSS,FECHA_INACTIVO,FECHA_INGRESO,FECHA_MODIFICACION,NIVEL,NOMBRE,PASSWORD,ROLE,TELEFONO,TFNO_MOVIL_OFICIAL,TFNO_MOVIL_PARTICULAR,USERNAME_ALTA,USERNAME_BAJA,USERNAME_MODIF,ID_CUERPO,ID_DEPARTAMENTO,ID_EMPLEO,ID_PUESTO,ID_CLASE) values ('acabrero','CABRERO','GARCIA','correo@guardiacivil.es','n16716','A1',null,'ACTIVO',to_timestamp('15/01/17 04:00:00,000000000','DD/MM/RR HH24:MI:SS,FF'),null,to_timestamp('01/09/20 04:00:00,000000000','DD/MM/RR HH24:MI:SS,FF'),null,null,null,'28','ANDRES','$2a$10$tDGyXBpEASeXlAUCdKsZ9u3MBBvT48xjA.v0lrDuRWlSZ6yfNsLve','ROLE_ADMIN','665566544',null,null,'system',null,null,'2','8','17','6','1');
insert into USERS (USERNAME,PRIM_APELLIDO,SEGUNDO_APELLIDO,CORREO,DOC_IDENTIDAD,CATEGORIA,DESPACHO,ESTADO,FECHA_ALTA,FECHA_BAJA,FECHA_DESTINO_IPSS,FECHA_INACTIVO,FECHA_INGRESO,FECHA_MODIFICACION,NIVEL,NOMBRE,PASSWORD,ROLE,TELEFONO,TFNO_MOVIL_OFICIAL,TFNO_MOVIL_PARTICULAR,USERNAME_ALTA,USERNAME_BAJA,USERNAME_MODIF,ID_CUERPO,ID_DEPARTAMENTO,ID_EMPLEO,ID_PUESTO,ID_CLASE) values ('system','system','system','correo@guardiacivil.es','111111111','A1',null,'ACTIVO',TODAY,null,to_timestamp('01/09/20 16:00:00,000000000','DD/MM/RR HH24:MI:SS,FF'),null,null,null,'20','System','$2a$10$tDGyXBpEASeXlAUCdKsZ9u3MBBvT48xjA.v0lrDuRWlSZ6yfNsLve','ROLE_ADMIN','665566544',null,null,'system',null,null,'2','8','17','1','2');
insert into USERS (USERNAME,PRIM_APELLIDO,SEGUNDO_APELLIDO,CORREO,DOC_IDENTIDAD,CATEGORIA,DESPACHO,ESTADO,FECHA_ALTA,FECHA_BAJA,FECHA_DESTINO_IPSS,FECHA_INACTIVO,FECHA_INGRESO,FECHA_MODIFICACION,NIVEL,NOMBRE,PASSWORD,ROLE,TELEFONO,TFNO_MOVIL_OFICIAL,TFNO_MOVIL_PARTICULAR,USERNAME_ALTA,USERNAME_BAJA,USERNAME_MODIF,ID_CUERPO,ID_DEPARTAMENTO,ID_EMPLEO,ID_PUESTO,ID_CLASE) values ('ajgarcia','GARCIA','ABASCAL','correo@guardiacivil.es','n24519','A1',null,'ACTIVO',TODAY,null,to_timestamp('22/06/20 09:00:00,000000000','DD/MM/RR HH24:MI:SS,FF'),null,null,null,'21','ANGEL JESUS','$2a$10$tDGyXBpEASeXlAUCdKsZ9u3MBBvT48xjA.v0lrDuRWlSZ6yfNsLve','ROLE_EQUIPO_INSPECCIONES','665566544',null,null,'system',null,null,'2','8','17','3','3');
insert into USERS (USERNAME,PRIM_APELLIDO,SEGUNDO_APELLIDO,CORREO,DOC_IDENTIDAD,CATEGORIA,DESPACHO,ESTADO,FECHA_ALTA,FECHA_BAJA,FECHA_DESTINO_IPSS,FECHA_INACTIVO,FECHA_INGRESO,FECHA_MODIFICACION,NIVEL,NOMBRE,PASSWORD,ROLE,TELEFONO,TFNO_MOVIL_OFICIAL,TFNO_MOVIL_PARTICULAR,USERNAME_ALTA,USERNAME_BAJA,USERNAME_MODIF,ID_CUERPO,ID_DEPARTAMENTO,ID_EMPLEO,ID_PUESTO,ID_CLASE) values ('alopez','LOPEZ','BETRIAN','correo@guardiacivil.es','n10971','A1',null,'ACTIVO',TODAY,null,to_timestamp('01/04/20 14:00:00,000000000','DD/MM/RR HH24:MI:SS,FF'),null,null,null,'15','ANTONIO','$2a$10$tDGyXBpEASeXlAUCdKsZ9u3MBBvT48xjA.v0lrDuRWlSZ6yfNsLve','ROLE_EQUIPO_INSPECCIONES','665566544',null,null,'system',null,null,'3','8','36','5','4');
insert into USERS (USERNAME,PRIM_APELLIDO,SEGUNDO_APELLIDO,CORREO,DOC_IDENTIDAD,CATEGORIA,DESPACHO,ESTADO,FECHA_ALTA,FECHA_BAJA,FECHA_DESTINO_IPSS,FECHA_INACTIVO,FECHA_INGRESO,FECHA_MODIFICACION,NIVEL,NOMBRE,PASSWORD,ROLE,TELEFONO,TFNO_MOVIL_OFICIAL,TFNO_MOVIL_PARTICULAR,USERNAME_ALTA,USERNAME_BAJA,USERNAME_MODIF,ID_CUERPO,ID_DEPARTAMENTO,ID_EMPLEO,ID_PUESTO,ID_CLASE) values ('alopezc','LOPEZ','CONTRERAS','correo@guardiacivil.es','n22162','A1',null,'ACTIVO',TODAY,null,to_timestamp('01/09/20 12:00:00,000000000','DD/MM/RR HH24:MI:SS,FF'),null,null,null,'27','ANTONIO','$2a$10$tDGyXBpEASeXlAUCdKsZ9u3MBBvT48xjA.v0lrDuRWlSZ6yfNsLve','ROLE_EQUIPO_INSPECCIONES','665566544',null,null,'system',null,null,'4','8','36','7','1');
insert into USERS (USERNAME,PRIM_APELLIDO,SEGUNDO_APELLIDO,CORREO,DOC_IDENTIDAD,CATEGORIA,DESPACHO,ESTADO,FECHA_ALTA,FECHA_BAJA,FECHA_DESTINO_IPSS,FECHA_INACTIVO,FECHA_INGRESO,FECHA_MODIFICACION,NIVEL,NOMBRE,PASSWORD,ROLE,TELEFONO,TFNO_MOVIL_OFICIAL,TFNO_MOVIL_PARTICULAR,USERNAME_ALTA,USERNAME_BAJA,USERNAME_MODIF,ID_CUERPO,ID_DEPARTAMENTO,ID_EMPLEO,ID_PUESTO,ID_CLASE) values ('amateos','MATEOS','CHICO','correo@guardiacivil.es','n17702','A1',null,'ACTIVO',TODAY,null,to_timestamp('01/09/20 05:00:00,000000000','DD/MM/RR HH24:MI:SS,FF'),null,null,null,'28','AMADEO','$2a$10$tDGyXBpEASeXlAUCdKsZ9u3MBBvT48xjA.v0lrDuRWlSZ6yfNsLve','ROLE_EQUIPO_INSPECCIONES','665566544',null,null,'system',null,null,'2','8','17','6','2');
insert into USERS (USERNAME,PRIM_APELLIDO,SEGUNDO_APELLIDO,CORREO,DOC_IDENTIDAD,CATEGORIA,DESPACHO,ESTADO,FECHA_ALTA,FECHA_BAJA,FECHA_DESTINO_IPSS,FECHA_INACTIVO,FECHA_INGRESO,FECHA_MODIFICACION,NIVEL,NOMBRE,PASSWORD,ROLE,TELEFONO,TFNO_MOVIL_OFICIAL,TFNO_MOVIL_PARTICULAR,USERNAME_ALTA,USERNAME_BAJA,USERNAME_MODIF,ID_CUERPO,ID_DEPARTAMENTO,ID_EMPLEO,ID_PUESTO,ID_CLASE) values ('ajangulo','ANGULO','BALLARIN','correo@guardiacivil.es','n13453','A1',null,'ACTIVO',TODAY,null,to_timestamp('12/01/20 09:00:00,000000000','DD/MM/RR HH24:MI:SS,FF'),null,null,null,'27','ANTONIO JAVIER','$2a$10$tDGyXBpEASeXlAUCdKsZ9u3MBBvT48xjA.v0lrDuRWlSZ6yfNsLve','ROLE_EQUIPO_INSPECCIONES','665566544',null,null,'system',null,null,'2','8','17','7','3');
insert into USERS (USERNAME,PRIM_APELLIDO,SEGUNDO_APELLIDO,CORREO,DOC_IDENTIDAD,CATEGORIA,DESPACHO,ESTADO,FECHA_ALTA,FECHA_BAJA,FECHA_DESTINO_IPSS,FECHA_INACTIVO,FECHA_INGRESO,FECHA_MODIFICACION,NIVEL,NOMBRE,PASSWORD,ROLE,TELEFONO,TFNO_MOVIL_OFICIAL,TFNO_MOVIL_PARTICULAR,USERNAME_ALTA,USERNAME_BAJA,USERNAME_MODIF,ID_CUERPO,ID_DEPARTAMENTO,ID_EMPLEO,ID_PUESTO,ID_CLASE) values ('slaguia','LAGUIA','FERNANDEZ','correo@guardiacivil.es','n16490','A1',null,'ACTIVO',TODAY,null,to_timestamp('01/03/20 10:00:00,000000000','DD/MM/RR HH24:MI:SS,FF'),null,null,null,'27','SEGUNDO','$2a$10$tDGyXBpEASeXlAUCdKsZ9u3MBBvT48xjA.v0lrDuRWlSZ6yfNsLve','ROLE_EQUIPO_INSPECCIONES','665566544',null,null,'system',null,null,'4','8','36','7','4');
insert into USERS (USERNAME,PRIM_APELLIDO,SEGUNDO_APELLIDO,CORREO,DOC_IDENTIDAD,CATEGORIA,DESPACHO,ESTADO,FECHA_ALTA,FECHA_BAJA,FECHA_DESTINO_IPSS,FECHA_INACTIVO,FECHA_INGRESO,FECHA_MODIFICACION,NIVEL,NOMBRE,PASSWORD,ROLE,TELEFONO,TFNO_MOVIL_OFICIAL,TFNO_MOVIL_PARTICULAR,USERNAME_ALTA,USERNAME_BAJA,USERNAME_MODIF,ID_CUERPO,ID_DEPARTAMENTO,ID_EMPLEO,ID_PUESTO,ID_CLASE) values ('ezentis','apellido1','apellido2','ezentis@ezentis.com','12345678S','A1',null,'ACTIVO',TODAY,null,to_timestamp('01/09/20 16:00:00,000000000','DD/MM/RR HH24:MI:SS,FF'),null,null,null,'20','Silvia','$2a$10$tDGyXBpEASeXlAUCdKsZ9u3MBBvT48xjA.v0lrDuRWlSZ6yfNsLve','ROLE_ADMIN','665566544',null,null,'system',null,null,'2','8','17','1','1');
insert into USERS (USERNAME,PRIM_APELLIDO,SEGUNDO_APELLIDO,CORREO,DOC_IDENTIDAD,CATEGORIA,DESPACHO,ESTADO,FECHA_ALTA,FECHA_BAJA,FECHA_DESTINO_IPSS,FECHA_INACTIVO,FECHA_INGRESO,FECHA_MODIFICACION,NIVEL,NOMBRE,PASSWORD,ROLE,TELEFONO,TFNO_MOVIL_OFICIAL,TFNO_MOVIL_PARTICULAR,USERNAME_ALTA,USERNAME_BAJA,USERNAME_MODIF,ID_CUERPO,ID_DEPARTAMENTO,ID_EMPLEO,ID_PUESTO,ID_CLASE) values ('pedro','CARRETERO','LIAU','correo@guardiacivil.es','111111111','A1',null,'ACTIVO',TODAY,null,to_timestamp('05/06/20 00:00:00,000000000','DD/MM/RR HH24:MI:SS,FF'),null,null,null,'18','PEDRO','$2a$10$tDGyXBpEASeXlAUCdKsZ9u3MBBvT48xjA.v0lrDuRWlSZ6yfNsLve','ROLE_GABINETE','10323',null,null,'system',null,null,'2','8','17','2','2');
insert into USERS (USERNAME,PRIM_APELLIDO,SEGUNDO_APELLIDO,CORREO,DOC_IDENTIDAD,CATEGORIA,DESPACHO,ESTADO,FECHA_ALTA,FECHA_BAJA,FECHA_DESTINO_IPSS,FECHA_INACTIVO,FECHA_INGRESO,FECHA_MODIFICACION,NIVEL,NOMBRE,PASSWORD,ROLE,TELEFONO,TFNO_MOVIL_OFICIAL,TFNO_MOVIL_PARTICULAR,USERNAME_ALTA,USERNAME_BAJA,USERNAME_MODIF,ID_CUERPO,ID_DEPARTAMENTO,ID_EMPLEO,ID_PUESTO,ID_CLASE) values ('parribas','ARRIBAS','MARTINEZ','correo@guardiacivil.es','n16603','A1',null,'ACTIVO',TODAY,null,to_timestamp('01/08/20 08:00:00,000000000','DD/MM/RR HH24:MI:SS,FF'),null,null,null,'27','PEDRO','$2a$10$tDGyXBpEASeXlAUCdKsZ9u3MBBvT48xjA.v0lrDuRWlSZ6yfNsLve','ROLE_EQUIPO_INSPECCIONES','665566544',null,null,'system',null,null,'4','8','36','7','3');
insert into USERS (USERNAME,PRIM_APELLIDO,SEGUNDO_APELLIDO,CORREO,DOC_IDENTIDAD,CATEGORIA,DESPACHO,ESTADO,FECHA_ALTA,FECHA_BAJA,FECHA_DESTINO_IPSS,FECHA_INACTIVO,FECHA_INGRESO,FECHA_MODIFICACION,NIVEL,NOMBRE,PASSWORD,ROLE,TELEFONO,TFNO_MOVIL_OFICIAL,TFNO_MOVIL_PARTICULAR,USERNAME_ALTA,USERNAME_BAJA,USERNAME_MODIF,ID_CUERPO,ID_DEPARTAMENTO,ID_EMPLEO,ID_PUESTO,ID_CLASE) values ('parbona','ARBONA','CAMPOMAR','correo@guardiacivil.es','n25044','A1',null,'ACTIVO',TODAY,null,to_timestamp('12/08/20 07:00:00,000000000','DD/MM/RR HH24:MI:SS,FF'),null,null,null,'21','PEDRO','$2a$10$tDGyXBpEASeXlAUCdKsZ9u3MBBvT48xjA.v0lrDuRWlSZ6yfNsLve','ROLE_SERVICIO_APOYO','665566544',null,null,'system',null,null,'2','8','17','9','4');
insert into USERS (USERNAME,PRIM_APELLIDO,SEGUNDO_APELLIDO,CORREO,DOC_IDENTIDAD,CATEGORIA,DESPACHO,ESTADO,FECHA_ALTA,FECHA_BAJA,FECHA_DESTINO_IPSS,FECHA_INACTIVO,FECHA_INGRESO,FECHA_MODIFICACION,NIVEL,NOMBRE,PASSWORD,ROLE,TELEFONO,TFNO_MOVIL_OFICIAL,TFNO_MOVIL_PARTICULAR,USERNAME_ALTA,USERNAME_BAJA,USERNAME_MODIF,ID_CUERPO,ID_DEPARTAMENTO,ID_EMPLEO,ID_PUESTO,ID_CLASE) values ('mnavarro','NAVARRO','GRAELLS','correo@guardiacivil.es','n19959','A1',null,'ACTIVO',TODAY,null,to_timestamp('01/09/20 12:00:00,000000000','DD/MM/RR HH24:MI:SS,FF'),null,null,null,'18','MONTSERRAT','$2a$10$tDGyXBpEASeXlAUCdKsZ9u3MBBvT48xjA.v0lrDuRWlSZ6yfNsLve','ROLE_EQUIPO_INSPECCIONES','665566544',null,null,'system',null,null,'2','8','17','4','1');
insert into USERS (USERNAME,PRIM_APELLIDO,SEGUNDO_APELLIDO,CORREO,DOC_IDENTIDAD,CATEGORIA,DESPACHO,ESTADO,FECHA_ALTA,FECHA_BAJA,FECHA_DESTINO_IPSS,FECHA_INACTIVO,FECHA_INGRESO,FECHA_MODIFICACION,NIVEL,NOMBRE,PASSWORD,ROLE,TELEFONO,TFNO_MOVIL_OFICIAL,TFNO_MOVIL_PARTICULAR,USERNAME_ALTA,USERNAME_BAJA,USERNAME_MODIF,ID_CUERPO,ID_DEPARTAMENTO,ID_EMPLEO,ID_PUESTO,ID_CLASE) values ('mfgonzalez','GONZALEZ','FERNANDEZ','correo@guardiacivil.es','n22962','A1',null,'ACTIVO',TODAY,null,to_timestamp('01/09/20 12:00:00,000000000','DD/MM/RR HH24:MI:SS,FF'),null,null,null,'18','MARCELO FRANCISCO','$2a$10$tDGyXBpEASeXlAUCdKsZ9u3MBBvT48xjA.v0lrDuRWlSZ6yfNsLve','ROLE_EQUIPO_INSPECCIONES','665566544',null,null,'system',null,null,'2','8','17','4','2');
insert into USERS (USERNAME,PRIM_APELLIDO,SEGUNDO_APELLIDO,CORREO,DOC_IDENTIDAD,CATEGORIA,DESPACHO,ESTADO,FECHA_ALTA,FECHA_BAJA,FECHA_DESTINO_IPSS,FECHA_INACTIVO,FECHA_INGRESO,FECHA_MODIFICACION,NIVEL,NOMBRE,PASSWORD,ROLE,TELEFONO,TFNO_MOVIL_OFICIAL,TFNO_MOVIL_PARTICULAR,USERNAME_ALTA,USERNAME_BAJA,USERNAME_MODIF,ID_CUERPO,ID_DEPARTAMENTO,ID_EMPLEO,ID_PUESTO,ID_CLASE) values ('jsastre','SASTRE','SANCHEZ','correo@guardiacivil.es','n24286','A1',null,'ACTIVO',TODAY,null,to_timestamp('01/09/20 00:00:00,000000000','DD/MM/RR HH24:MI:SS,FF'),null,null,to_timestamp('17/01/17 12:46:22,488000000','DD/MM/RR HH24:MI:SS,FF'),'18','JOSE','$2a$10$tDGyXBpEASeXlAUCdKsZ9u3MBBvT48xjA.v0lrDuRWlSZ6yfNsLve','ROLE_EQUIPO_INSPECCIONES','665566544',null,null,'system',null,'system','4','8','36','4','3');
insert into USERS (USERNAME,PRIM_APELLIDO,SEGUNDO_APELLIDO,CORREO,DOC_IDENTIDAD,CATEGORIA,DESPACHO,ESTADO,FECHA_ALTA,FECHA_BAJA,FECHA_DESTINO_IPSS,FECHA_INACTIVO,FECHA_INGRESO,FECHA_MODIFICACION,NIVEL,NOMBRE,PASSWORD,ROLE,TELEFONO,TFNO_MOVIL_OFICIAL,TFNO_MOVIL_PARTICULAR,USERNAME_ALTA,USERNAME_BAJA,USERNAME_MODIF,ID_CUERPO,ID_DEPARTAMENTO,ID_EMPLEO,ID_PUESTO,ID_CLASE) values ('jrosas','ROSAS','MARTIN','correo@guardiacivil.es','n19662','A1',null,'ACTIVO',TODAY,null,to_timestamp('01/09/20 15:00:00,000000000','DD/MM/RR HH24:MI:SS,FF'),null,null,null,'18','JOSE','$2a$10$tDGyXBpEASeXlAUCdKsZ9u3MBBvT48xjA.v0lrDuRWlSZ6yfNsLve','ROLE_EQUIPO_INSPECCIONES','665566544',null,null,'system',null,null,'2','8','17','4','4');
insert into USERS (USERNAME,PRIM_APELLIDO,SEGUNDO_APELLIDO,CORREO,DOC_IDENTIDAD,CATEGORIA,DESPACHO,ESTADO,FECHA_ALTA,FECHA_BAJA,FECHA_DESTINO_IPSS,FECHA_INACTIVO,FECHA_INGRESO,FECHA_MODIFICACION,NIVEL,NOMBRE,PASSWORD,ROLE,TELEFONO,TFNO_MOVIL_OFICIAL,TFNO_MOVIL_PARTICULAR,USERNAME_ALTA,USERNAME_BAJA,USERNAME_MODIF,ID_CUERPO,ID_DEPARTAMENTO,ID_EMPLEO,ID_PUESTO,ID_CLASE) values ('jmartinez','MARTINEZ','GANDIA BANCES','correo@guardiacivil.es','n23093','A1',null,'ACTIVO',TODAY,null,to_timestamp('01/12/20 09:00:00,000000000','DD/MM/RR HH24:MI:SS,FF'),null,null,null,'18','JAVIER','$2a$10$tDGyXBpEASeXlAUCdKsZ9u3MBBvT48xjA.v0lrDuRWlSZ6yfNsLve','ROLE_EQUIPO_INSPECCIONES','665566544',null,null,'system',null,null,'4','8','36','4','1');
insert into USERS (USERNAME,PRIM_APELLIDO,SEGUNDO_APELLIDO,CORREO,DOC_IDENTIDAD,CATEGORIA,DESPACHO,ESTADO,FECHA_ALTA,FECHA_BAJA,FECHA_DESTINO_IPSS,FECHA_INACTIVO,FECHA_INGRESO,FECHA_MODIFICACION,NIVEL,NOMBRE,PASSWORD,ROLE,TELEFONO,TFNO_MOVIL_OFICIAL,TFNO_MOVIL_PARTICULAR,USERNAME_ALTA,USERNAME_BAJA,USERNAME_MODIF,ID_CUERPO,ID_DEPARTAMENTO,ID_EMPLEO,ID_PUESTO,ID_CLASE) values ('jmanuel','SIERRA','EXOJO','correo@guardiacivil.es','n10704','A1',null,'ACTIVO',TODAY,null,to_timestamp('22/06/20 16:00:00,000000000','DD/MM/RR HH24:MI:SS,FF'),null,null,null,'20','JOSE MANUEL','$2a$10$tDGyXBpEASeXlAUCdKsZ9u3MBBvT48xjA.v0lrDuRWlSZ6yfNsLve','ROLE_ADMIN','665566544',null,null,'system',null,null,'2','8','17','3','2');
insert into USERS (USERNAME,PRIM_APELLIDO,SEGUNDO_APELLIDO,CORREO,DOC_IDENTIDAD,CATEGORIA,DESPACHO,ESTADO,FECHA_ALTA,FECHA_BAJA,FECHA_DESTINO_IPSS,FECHA_INACTIVO,FECHA_INGRESO,FECHA_MODIFICACION,NIVEL,NOMBRE,PASSWORD,ROLE,TELEFONO,TFNO_MOVIL_OFICIAL,TFNO_MOVIL_PARTICULAR,USERNAME_ALTA,USERNAME_BAJA,USERNAME_MODIF,ID_CUERPO,ID_DEPARTAMENTO,ID_EMPLEO,ID_PUESTO,ID_CLASE) values ('jmalberich','ALBERICH','LANDABURU','correo@guardiacivil.es','n22468','A1',null,'ACTIVO',TODAY,null,to_timestamp('18/11/20 13:00:00,000000000','DD/MM/RR HH24:MI:SS,FF'),null,null,null,'27','JUAN MANUEL','$2a$10$tDGyXBpEASeXlAUCdKsZ9u3MBBvT48xjA.v0lrDuRWlSZ6yfNsLve','ROLE_EQUIPO_INSPECCIONES','665566544',null,null,'system',null,null,'2','8','17','7','3');
insert into USERS (USERNAME,PRIM_APELLIDO,SEGUNDO_APELLIDO,CORREO,DOC_IDENTIDAD,CATEGORIA,DESPACHO,ESTADO,FECHA_ALTA,FECHA_BAJA,FECHA_DESTINO_IPSS,FECHA_INACTIVO,FECHA_INGRESO,FECHA_MODIFICACION,NIVEL,NOMBRE,PASSWORD,ROLE,TELEFONO,TFNO_MOVIL_OFICIAL,TFNO_MOVIL_PARTICULAR,USERNAME_ALTA,USERNAME_BAJA,USERNAME_MODIF,ID_CUERPO,ID_DEPARTAMENTO,ID_EMPLEO,ID_PUESTO,ID_CLASE) values ('jlcalonge','CALONGE','DELSO','correo@guardiacivil.es','n25583','A1',null,'ACTIVO',TODAY,null,to_timestamp('22/06/20 09:00:00,000000000','DD/MM/RR HH24:MI:SS,FF'),null,null,null,'21','JOSE LUIS','$2a$10$tDGyXBpEASeXlAUCdKsZ9u3MBBvT48xjA.v0lrDuRWlSZ6yfNsLve','ROLE_EQUIPO_INSPECCIONES','665566544',null,null,'system',null,null,'2','8','17','9','4');
insert into USERS (USERNAME,PRIM_APELLIDO,SEGUNDO_APELLIDO,CORREO,DOC_IDENTIDAD,CATEGORIA,DESPACHO,ESTADO,FECHA_ALTA,FECHA_BAJA,FECHA_DESTINO_IPSS,FECHA_INACTIVO,FECHA_INGRESO,FECHA_MODIFICACION,NIVEL,NOMBRE,PASSWORD,ROLE,TELEFONO,TFNO_MOVIL_OFICIAL,TFNO_MOVIL_PARTICULAR,USERNAME_ALTA,USERNAME_BAJA,USERNAME_MODIF,ID_CUERPO,ID_DEPARTAMENTO,ID_EMPLEO,ID_PUESTO,ID_CLASE) values ('jcgonzalez','GONZALEZ','VALENCIA','correo@guardiacivil.es','n22465','A1',null,'ACTIVO',TODAY,null,to_timestamp('01/12/20 12:00:00,000000000','DD/MM/RR HH24:MI:SS,FF'),null,null,null,'27','JESUS CARLOS','$2a$10$tDGyXBpEASeXlAUCdKsZ9u3MBBvT48xjA.v0lrDuRWlSZ6yfNsLve','ROLE_EQUIPO_INSPECCIONES','665566544',null,null,'system',null,null,'4','8','36','7','1');
insert into USERS (USERNAME,PRIM_APELLIDO,SEGUNDO_APELLIDO,CORREO,DOC_IDENTIDAD,CATEGORIA,DESPACHO,ESTADO,FECHA_ALTA,FECHA_BAJA,FECHA_DESTINO_IPSS,FECHA_INACTIVO,FECHA_INGRESO,FECHA_MODIFICACION,NIVEL,NOMBRE,PASSWORD,ROLE,TELEFONO,TFNO_MOVIL_OFICIAL,TFNO_MOVIL_PARTICULAR,USERNAME_ALTA,USERNAME_BAJA,USERNAME_MODIF,ID_CUERPO,ID_DEPARTAMENTO,ID_EMPLEO,ID_PUESTO,ID_CLASE) values ('ciibarguren','IBARGUREN','LEON','correo@guardiacivil.es','n21953','A1',null,'ACTIVO',TODAY,null,to_timestamp('01/07/20 13:00:00,000000000','DD/MM/RR HH24:MI:SS,FF'),null,null,null,'16','CARLOS IGNACIO','$2a$10$tDGyXBpEASeXlAUCdKsZ9u3MBBvT48xjA.v0lrDuRWlSZ6yfNsLve','ROLE_EQUIPO_INSPECCIONES','665566544',null,null,'system',null,null,'3','8','36','8','2');
insert into USERS (USERNAME,PRIM_APELLIDO,SEGUNDO_APELLIDO,CORREO,DOC_IDENTIDAD,CATEGORIA,DESPACHO,ESTADO,FECHA_ALTA,FECHA_BAJA,FECHA_DESTINO_IPSS,FECHA_INACTIVO,FECHA_INGRESO,FECHA_MODIFICACION,NIVEL,NOMBRE,PASSWORD,ROLE,TELEFONO,TFNO_MOVIL_OFICIAL,TFNO_MOVIL_PARTICULAR,USERNAME_ALTA,USERNAME_BAJA,USERNAME_MODIF,ID_CUERPO,ID_DEPARTAMENTO,ID_EMPLEO,ID_PUESTO,ID_CLASE) values ('cjsancha','SANCHA','HERRERA','correo@guardiacivil.es','n21129','A1',null,'ACTIVO',TODAY,null,to_timestamp('01/09/20 13:00:00,000000000','DD/MM/RR HH24:MI:SS,FF'),null,null,null,'18','CARLOS JAIME','$2a$10$tDGyXBpEASeXlAUCdKsZ9u3MBBvT48xjA.v0lrDuRWlSZ6yfNsLve','ROLE_EQUIPO_INSPECCIONES','665566544',null,null,'system',null,null,'2','8','17','4','3');
insert into USERS (USERNAME,PRIM_APELLIDO,SEGUNDO_APELLIDO,CORREO,DOC_IDENTIDAD,CATEGORIA,DESPACHO,ESTADO,FECHA_ALTA,FECHA_BAJA,FECHA_DESTINO_IPSS,FECHA_INACTIVO,FECHA_INGRESO,FECHA_MODIFICACION,NIVEL,NOMBRE,PASSWORD,ROLE,TELEFONO,TFNO_MOVIL_OFICIAL,TFNO_MOVIL_PARTICULAR,USERNAME_ALTA,USERNAME_BAJA,USERNAME_MODIF,ID_CUERPO,ID_DEPARTAMENTO,ID_EMPLEO,ID_PUESTO,ID_CLASE) values ('cperez','PEREZ','FERNANDEZ','correo@guardiacivil.es','n23958','A1',null,'ACTIVO',TODAY,null,to_timestamp('01/09/20 11:00:00,000000000','DD/MM/RR HH24:MI:SS,FF'),null,null,null,'18','CONSUELO','$2a$10$tDGyXBpEASeXlAUCdKsZ9u3MBBvT48xjA.v0lrDuRWlSZ6yfNsLve','ROLE_EQUIPO_INSPECCIONES','665566544',null,null,'system',null,null,'2','8','17','4','4');
insert into USERS (USERNAME,PRIM_APELLIDO,SEGUNDO_APELLIDO,CORREO,DOC_IDENTIDAD,CATEGORIA,DESPACHO,ESTADO,FECHA_ALTA,FECHA_BAJA,FECHA_DESTINO_IPSS,FECHA_INACTIVO,FECHA_INGRESO,FECHA_MODIFICACION,NIVEL,NOMBRE,PASSWORD,ROLE,TELEFONO,TFNO_MOVIL_OFICIAL,TFNO_MOVIL_PARTICULAR,USERNAME_ALTA,USERNAME_BAJA,USERNAME_MODIF,ID_CUERPO,ID_DEPARTAMENTO,ID_EMPLEO,ID_PUESTO,ID_CLASE) values ('egomez','GOMEZ','ALMERO','correo@guardiacivil.es','n13575','A1',null,'ACTIVO',TODAY,null,to_timestamp('01/07/20 12:00:00,000000000','DD/MM/RR HH24:MI:SS,FF'),null,null,null,'16','ENRIQUE','$2a$10$tDGyXBpEASeXlAUCdKsZ9u3MBBvT48xjA.v0lrDuRWlSZ6yfNsLve','ROLE_EQUIPO_INSPECCIONES','665566544',null,null,'system',null,null,'3','8','36','8','1');
insert into USERS (USERNAME,PRIM_APELLIDO,SEGUNDO_APELLIDO,CORREO,DOC_IDENTIDAD,CATEGORIA,DESPACHO,ESTADO,FECHA_ALTA,FECHA_BAJA,FECHA_DESTINO_IPSS,FECHA_INACTIVO,FECHA_INGRESO,FECHA_MODIFICACION,NIVEL,NOMBRE,PASSWORD,ROLE,TELEFONO,TFNO_MOVIL_OFICIAL,TFNO_MOVIL_PARTICULAR,USERNAME_ALTA,USERNAME_BAJA,USERNAME_MODIF,ID_CUERPO,ID_DEPARTAMENTO,ID_EMPLEO,ID_PUESTO,ID_CLASE) values ('egomezcorino','CARRILES','CORINO','correo@guardiacivil.es','n21991','A1',null,'ACTIVO',TODAY,null,to_timestamp('01/08/20 00:00:00,000000000','DD/MM/RR HH24:MI:SS,FF'),null,null,to_timestamp('17/01/17 12:31:30,227000000','DD/MM/RR HH24:MI:SS,FF'),'16','JOSE PEDRO','$2a$10$tDGyXBpEASeXlAUCdKsZ9u3MBBvT48xjA.v0lrDuRWlSZ6yfNsLve','ROLE_EQUIPO_INSPECCIONES','665566544',null,null,'system',null,'system','2','8','17','8','2');
insert into USERS (USERNAME,PRIM_APELLIDO,SEGUNDO_APELLIDO,CORREO,DOC_IDENTIDAD,CATEGORIA,DESPACHO,ESTADO,FECHA_ALTA,FECHA_BAJA,FECHA_DESTINO_IPSS,FECHA_INACTIVO,FECHA_INGRESO,FECHA_MODIFICACION,NIVEL,NOMBRE,PASSWORD,ROLE,TELEFONO,TFNO_MOVIL_OFICIAL,TFNO_MOVIL_PARTICULAR,USERNAME_ALTA,USERNAME_BAJA,USERNAME_MODIF,ID_CUERPO,ID_DEPARTAMENTO,ID_EMPLEO,ID_PUESTO,ID_CLASE) values ('faconde','CONDE','FALCON','correo@guardiacivil.es','n14975','A1',null,'ACTIVO',TODAY,null,to_timestamp('01/04/20 10:00:00,000000000','DD/MM/RR HH24:MI:SS,FF'),null,null,null,'27','FRANCISCO ANDRES','$2a$10$tDGyXBpEASeXlAUCdKsZ9u3MBBvT48xjA.v0lrDuRWlSZ6yfNsLve','ROLE_EQUIPO_INSPECCIONES','665566544',null,null,'system',null,null,'2','8','17','7','3');
insert into USERS (USERNAME,PRIM_APELLIDO,SEGUNDO_APELLIDO,CORREO,DOC_IDENTIDAD,CATEGORIA,DESPACHO,ESTADO,FECHA_ALTA,FECHA_BAJA,FECHA_DESTINO_IPSS,FECHA_INACTIVO,FECHA_INGRESO,FECHA_MODIFICACION,NIVEL,NOMBRE,PASSWORD,ROLE,TELEFONO,TFNO_MOVIL_OFICIAL,TFNO_MOVIL_PARTICULAR,USERNAME_ALTA,USERNAME_BAJA,USERNAME_MODIF,ID_CUERPO,ID_DEPARTAMENTO,ID_EMPLEO,ID_PUESTO,ID_CLASE) values ('fdonday','DONDAY','GALVEZ','correo@guardiacivil.es','n22149','A1',null,'ACTIVO',TODAY,null,to_timestamp('23/11/20 09:00:00,000000000','DD/MM/RR HH24:MI:SS,FF'),null,null,null,'27','FRANCISCO','$2a$10$tDGyXBpEASeXlAUCdKsZ9u3MBBvT48xjA.v0lrDuRWlSZ6yfNsLve','ROLE_EQUIPO_INSPECCIONES','665566544',null,null,'system',null,null,'2','8','17','7','4');
insert into USERS (USERNAME,PRIM_APELLIDO,SEGUNDO_APELLIDO,CORREO,DOC_IDENTIDAD,CATEGORIA,DESPACHO,ESTADO,FECHA_ALTA,FECHA_BAJA,FECHA_DESTINO_IPSS,FECHA_INACTIVO,FECHA_INGRESO,FECHA_MODIFICACION,NIVEL,NOMBRE,PASSWORD,ROLE,TELEFONO,TFNO_MOVIL_OFICIAL,TFNO_MOVIL_PARTICULAR,USERNAME_ALTA,USERNAME_BAJA,USERNAME_MODIF,ID_CUERPO,ID_DEPARTAMENTO,ID_EMPLEO,ID_PUESTO,ID_CLASE) values ('fmartcasabas','MARTINEZ','CASBAS','correo@guardiacivil.es','n21694','A1',null,'ACTIVO',TODAY,null,to_timestamp('01/09/20 16:00:00,000000000','DD/MM/RR HH24:MI:SS,FF'),null,null,null,'18','FRANCISCO','$2a$10$tDGyXBpEASeXlAUCdKsZ9u3MBBvT48xjA.v0lrDuRWlSZ6yfNsLve','ROLE_EQUIPO_INSPECCIONES','665566544',null,null,'system',null,null,'2','8','17','4','1');
insert into USERS (USERNAME,PRIM_APELLIDO,SEGUNDO_APELLIDO,CORREO,DOC_IDENTIDAD,CATEGORIA,DESPACHO,ESTADO,FECHA_ALTA,FECHA_BAJA,FECHA_DESTINO_IPSS,FECHA_INACTIVO,FECHA_INGRESO,FECHA_MODIFICACION,NIVEL,NOMBRE,PASSWORD,ROLE,TELEFONO,TFNO_MOVIL_OFICIAL,TFNO_MOVIL_PARTICULAR,USERNAME_ALTA,USERNAME_BAJA,USERNAME_MODIF,ID_CUERPO,ID_DEPARTAMENTO,ID_EMPLEO,ID_PUESTO,ID_CLASE) values ('jaesteban','ESTEBAN','GOMEZ','correo@guardiacivil.es','n19570','A1',null,'ACTIVO',TODAY,null,to_timestamp('01/09/20 12:00:00,000000000','DD/MM/RR HH24:MI:SS,FF'),null,null,null,'28','JOSE ANTONIO','$2a$10$tDGyXBpEASeXlAUCdKsZ9u3MBBvT48xjA.v0lrDuRWlSZ6yfNsLve','ROLE_EQUIPO_INSPECCIONES','665566544',null,null,'system',null,null,'2','8','17','6','2');
insert into USERS (USERNAME,PRIM_APELLIDO,SEGUNDO_APELLIDO,CORREO,DOC_IDENTIDAD,CATEGORIA,DESPACHO,ESTADO,FECHA_ALTA,FECHA_BAJA,FECHA_DESTINO_IPSS,FECHA_INACTIVO,FECHA_INGRESO,FECHA_MODIFICACION,NIVEL,NOMBRE,PASSWORD,ROLE,TELEFONO,TFNO_MOVIL_OFICIAL,TFNO_MOVIL_PARTICULAR,USERNAME_ALTA,USERNAME_BAJA,USERNAME_MODIF,ID_CUERPO,ID_DEPARTAMENTO,ID_EMPLEO,ID_PUESTO,ID_CLASE) values ('japeruyero','PERUYERO','MARTINEZ','correo@guardiacivil.es','n18440','A1',null,'ACTIVO',TODAY,null,to_timestamp('11/08/20 12:00:00,000000000','DD/MM/RR HH24:MI:SS,FF'),null,null,null,'28','JOSE ANTONIO','$2a$10$tDGyXBpEASeXlAUCdKsZ9u3MBBvT48xjA.v0lrDuRWlSZ6yfNsLve','ROLE_EQUIPO_INSPECCIONES','665566544',null,null,'system',null,null,'2','8','17','6','3');
insert into USERS (USERNAME,PRIM_APELLIDO,SEGUNDO_APELLIDO,CORREO,DOC_IDENTIDAD,CATEGORIA,DESPACHO,ESTADO,FECHA_ALTA,FECHA_BAJA,FECHA_DESTINO_IPSS,FECHA_INACTIVO,FECHA_INGRESO,FECHA_MODIFICACION,NIVEL,NOMBRE,PASSWORD,ROLE,TELEFONO,TFNO_MOVIL_OFICIAL,TFNO_MOVIL_PARTICULAR,USERNAME_ALTA,USERNAME_BAJA,USERNAME_MODIF,ID_CUERPO,ID_DEPARTAMENTO,ID_EMPLEO,ID_PUESTO,ID_CLASE) values ('jatristan','TRISTAN','OSTA','correo@guardiacivil.es','n21999','A1',null,'ACTIVO',TODAY,null,to_timestamp('01/07/20 00:00:00,000000000','DD/MM/RR HH24:MI:SS,FF'),null,null,to_timestamp('17/01/17 12:45:59,857000000','DD/MM/RR HH24:MI:SS,FF'),'16','JESUS ANGEL','$2a$10$tDGyXBpEASeXlAUCdKsZ9u3MBBvT48xjA.v0lrDuRWlSZ6yfNsLve','ROLE_EQUIPO_INSPECCIONES','665566544',null,null,'system',null,'system','4','8','36','8','4');
insert into USERS (USERNAME,PRIM_APELLIDO,SEGUNDO_APELLIDO,CORREO,DOC_IDENTIDAD,CATEGORIA,DESPACHO,ESTADO,FECHA_ALTA,FECHA_BAJA,FECHA_DESTINO_IPSS,FECHA_INACTIVO,FECHA_INGRESO,FECHA_MODIFICACION,NIVEL,NOMBRE,PASSWORD,ROLE,TELEFONO,TFNO_MOVIL_OFICIAL,TFNO_MOVIL_PARTICULAR,USERNAME_ALTA,USERNAME_BAJA,USERNAME_MODIF,ID_CUERPO,ID_DEPARTAMENTO,ID_EMPLEO,ID_PUESTO,ID_CLASE) values ('jbarnils','BARNILS','COSTA','correo@guardiacivil.es','n15416','A1',null,'ACTIVO',TODAY,null,to_timestamp('01/09/20 15:00:00,000000000','DD/MM/RR HH24:MI:SS,FF'),null,null,null,'27','JUAN','$2a$10$tDGyXBpEASeXlAUCdKsZ9u3MBBvT48xjA.v0lrDuRWlSZ6yfNsLve','ROLE_EQUIPO_INSPECCIONES','665566544',null,null,'system',null,null,'2','8','17','7','1');
insert into USERS (USERNAME,PRIM_APELLIDO,SEGUNDO_APELLIDO,CORREO,DOC_IDENTIDAD,CATEGORIA,DESPACHO,ESTADO,FECHA_ALTA,FECHA_BAJA,FECHA_DESTINO_IPSS,FECHA_INACTIVO,FECHA_INGRESO,FECHA_MODIFICACION,NIVEL,NOMBRE,PASSWORD,ROLE,TELEFONO,TFNO_MOVIL_OFICIAL,TFNO_MOVIL_PARTICULAR,USERNAME_ALTA,USERNAME_BAJA,USERNAME_MODIF,ID_CUERPO,ID_DEPARTAMENTO,ID_EMPLEO,ID_PUESTO,ID_CLASE) values ('jcarranz','ARRANZ','APAOLAZA','correo@guardiacivil.es','n14189','A1',null,'ACTIVO',TODAY,null,to_timestamp('01/05/20 16:00:00,000000000','DD/MM/RR HH24:MI:SS,FF'),null,null,null,'27','JUAN CARLOS','$2a$10$tDGyXBpEASeXlAUCdKsZ9u3MBBvT48xjA.v0lrDuRWlSZ6yfNsLve','ROLE_EQUIPO_INSPECCIONES','665566544',null,null,'system',null,null,'2','8','17','7','2');
insert into USERS (USERNAME,PRIM_APELLIDO,SEGUNDO_APELLIDO,CORREO,DOC_IDENTIDAD,CATEGORIA,DESPACHO,ESTADO,FECHA_ALTA,FECHA_BAJA,FECHA_DESTINO_IPSS,FECHA_INACTIVO,FECHA_INGRESO,FECHA_MODIFICACION,NIVEL,NOMBRE,PASSWORD,ROLE,TELEFONO,TFNO_MOVIL_OFICIAL,TFNO_MOVIL_PARTICULAR,USERNAME_ALTA,USERNAME_BAJA,USERNAME_MODIF,ID_CUERPO,ID_DEPARTAMENTO,ID_EMPLEO,ID_PUESTO,ID_CLASE) values ('msoria','SORIA','TORRALBA','correo@policia.es','n17620','A1',null,'ACTIVO',TODAY,null,to_timestamp('01/09/20 02:00:00,000000000','DD/MM/RR HH24:MI:SS,FF'),null,null,null,'28','MIGUEL','$2a$10$tDGyXBpEASeXlAUCdKsZ9u3MBBvT48xjA.v0lrDuRWlSZ6yfNsLve','ROLE_EQUIPO_INSPECCIONES','665566544',null,null,'system',null,null,'1','8','25','6','3');
insert into USERS (USERNAME,PRIM_APELLIDO,SEGUNDO_APELLIDO,CORREO,DOC_IDENTIDAD,CATEGORIA,DESPACHO,ESTADO,FECHA_ALTA,FECHA_BAJA,FECHA_DESTINO_IPSS,FECHA_INACTIVO,FECHA_INGRESO,FECHA_MODIFICACION,NIVEL,NOMBRE,PASSWORD,ROLE,TELEFONO,TFNO_MOVIL_OFICIAL,TFNO_MOVIL_PARTICULAR,USERNAME_ALTA,USERNAME_BAJA,USERNAME_MODIF,ID_CUERPO,ID_DEPARTAMENTO,ID_EMPLEO,ID_PUESTO,ID_CLASE) values ('amora','MORA','GALAN','correo@policia.es','n24388','A1',null,'ACTIVO',TODAY,null,to_timestamp('01/09/20 00:00:00,000000000','DD/MM/RR HH24:MI:SS,FF'),null,null,null,'18','ALBERTO','$2a$10$tDGyXBpEASeXlAUCdKsZ9u3MBBvT48xjA.v0lrDuRWlSZ6yfNsLve','ROLE_EQUIPO_INSPECCIONES','665566544',null,null,'system',null,null,'1','8','25','4','4');
insert into USERS (USERNAME,PRIM_APELLIDO,SEGUNDO_APELLIDO,CORREO,DOC_IDENTIDAD,CATEGORIA,DESPACHO,ESTADO,FECHA_ALTA,FECHA_BAJA,FECHA_DESTINO_IPSS,FECHA_INACTIVO,FECHA_INGRESO,FECHA_MODIFICACION,NIVEL,NOMBRE,PASSWORD,ROLE,TELEFONO,TFNO_MOVIL_OFICIAL,TFNO_MOVIL_PARTICULAR,USERNAME_ALTA,USERNAME_BAJA,USERNAME_MODIF,ID_CUERPO,ID_DEPARTAMENTO,ID_EMPLEO,ID_PUESTO,ID_CLASE) values ('fsempre','SEMPERE','PEÑA','correo@policia.es','n22252','A1',null,'ACTIVO',TODAY,null,to_timestamp('01/06/20 13:00:00,000000000','DD/MM/RR HH24:MI:SS,FF'),null,null,null,'27','FERNANDO','$2a$10$tDGyXBpEASeXlAUCdKsZ9u3MBBvT48xjA.v0lrDuRWlSZ6yfNsLve','ROLE_EQUIPO_INSPECCIONES','665566544',null,null,'system',null,null,'1','8','25','7','1');
insert into USERS (USERNAME,PRIM_APELLIDO,SEGUNDO_APELLIDO,CORREO,DOC_IDENTIDAD,CATEGORIA,DESPACHO,ESTADO,FECHA_ALTA,FECHA_BAJA,FECHA_DESTINO_IPSS,FECHA_INACTIVO,FECHA_INGRESO,FECHA_MODIFICACION,NIVEL,NOMBRE,PASSWORD,ROLE,TELEFONO,TFNO_MOVIL_OFICIAL,TFNO_MOVIL_PARTICULAR,USERNAME_ALTA,USERNAME_BAJA,USERNAME_MODIF,ID_CUERPO,ID_DEPARTAMENTO,ID_EMPLEO,ID_PUESTO,ID_CLASE) values ('jicerezo','CEREZO','HERNANDEZ','correo@policia.es','N25342','A1',null,'ACTIVO',TODAY,null,to_timestamp('22/06/20 16:00:00,000000000','DD/MM/RR HH24:MI:SS,FF'),null,null,null,'21','JOSE IGNACIO','$2a$10$tDGyXBpEASeXlAUCdKsZ9u3MBBvT48xjA.v0lrDuRWlSZ6yfNsLve','ROLE_EQUIPO_INSPECCIONES','665566544',null,null,'system',null,null,'1','8','25','9','2');
insert into USERS (USERNAME,PRIM_APELLIDO,SEGUNDO_APELLIDO,CORREO,DOC_IDENTIDAD,CATEGORIA,DESPACHO,ESTADO,FECHA_ALTA,FECHA_BAJA,FECHA_DESTINO_IPSS,FECHA_INACTIVO,FECHA_INGRESO,FECHA_MODIFICACION,NIVEL,NOMBRE,PASSWORD,ROLE,TELEFONO,TFNO_MOVIL_OFICIAL,TFNO_MOVIL_PARTICULAR,USERNAME_ALTA,USERNAME_BAJA,USERNAME_MODIF,ID_CUERPO,ID_DEPARTAMENTO,ID_EMPLEO,ID_PUESTO,ID_CLASE) values ('fjoliva','OLIVA','GARCIA','correo@policia.es','n22664','A1',null,'ACTIVO',TODAY,null,to_timestamp('01/09/20 07:00:00,000000000','DD/MM/RR HH24:MI:SS,FF'),null,null,null,'18','FRANCISCO JAVIER','$2a$10$tDGyXBpEASeXlAUCdKsZ9u3MBBvT48xjA.v0lrDuRWlSZ6yfNsLve','ROLE_EQUIPO_INSPECCIONES','665566544',null,null,'system',null,null,'1','8','25','4','3');
insert into USERS (USERNAME,PRIM_APELLIDO,SEGUNDO_APELLIDO,CORREO,DOC_IDENTIDAD,CATEGORIA,DESPACHO,ESTADO,FECHA_ALTA,FECHA_BAJA,FECHA_DESTINO_IPSS,FECHA_INACTIVO,FECHA_INGRESO,FECHA_MODIFICACION,NIVEL,NOMBRE,PASSWORD,ROLE,TELEFONO,TFNO_MOVIL_OFICIAL,TFNO_MOVIL_PARTICULAR,USERNAME_ALTA,USERNAME_BAJA,USERNAME_MODIF,ID_CUERPO,ID_DEPARTAMENTO,ID_EMPLEO,ID_PUESTO,ID_CLASE) values ('jencuentra','ENCUENTRA','BAGUES','correo@policia.es','n13545','A1',null,'ACTIVO',TODAY,null,to_timestamp('25/09/20 10:00:00,000000000','DD/MM/RR HH24:MI:SS,FF'),null,null,null,'27','JESUS','$2a$10$tDGyXBpEASeXlAUCdKsZ9u3MBBvT48xjA.v0lrDuRWlSZ6yfNsLve','ROLE_EQUIPO_INSPECCIONES','665566544',null,null,'system',null,null,'1','8','25','7','4');
insert into USERS (USERNAME,PRIM_APELLIDO,SEGUNDO_APELLIDO,CORREO,DOC_IDENTIDAD,CATEGORIA,DESPACHO,ESTADO,FECHA_ALTA,FECHA_BAJA,FECHA_DESTINO_IPSS,FECHA_INACTIVO,FECHA_INGRESO,FECHA_MODIFICACION,NIVEL,NOMBRE,PASSWORD,ROLE,TELEFONO,TFNO_MOVIL_OFICIAL,TFNO_MOVIL_PARTICULAR,USERNAME_ALTA,USERNAME_BAJA,USERNAME_MODIF,ID_CUERPO,ID_DEPARTAMENTO,ID_EMPLEO,ID_PUESTO,ID_CLASE) values ('jmcervantes','CERVANTES','PARDO','correo@policia.es','n22046','A1',null,'ACTIVO',TODAY,null,to_timestamp('01/09/20 13:00:00,000000000','DD/MM/RR HH24:MI:SS,FF'),null,null,null,'27','JOSE MARIA','$2a$10$tDGyXBpEASeXlAUCdKsZ9u3MBBvT48xjA.v0lrDuRWlSZ6yfNsLve','ROLE_EQUIPO_INSPECCIONES','665566544',null,null,'system',null,null,'1','8','25','7','1');
insert into USERS (USERNAME,PRIM_APELLIDO,SEGUNDO_APELLIDO,CORREO,DOC_IDENTIDAD,CATEGORIA,DESPACHO,ESTADO,FECHA_ALTA,FECHA_BAJA,FECHA_DESTINO_IPSS,FECHA_INACTIVO,FECHA_INGRESO,FECHA_MODIFICACION,NIVEL,NOMBRE,PASSWORD,ROLE,TELEFONO,TFNO_MOVIL_OFICIAL,TFNO_MOVIL_PARTICULAR,USERNAME_ALTA,USERNAME_BAJA,USERNAME_MODIF,ID_CUERPO,ID_DEPARTAMENTO,ID_EMPLEO,ID_PUESTO,ID_CLASE) values ('emartinez','MARTINEZ','ALLER','correo@policia.es','n18342','A1',null,'ACTIVO',TODAY,null,to_timestamp('01/09/20 13:00:00,000000000','DD/MM/RR HH24:MI:SS,FF'),null,null,null,'28','ELIAS','$2a$10$tDGyXBpEASeXlAUCdKsZ9u3MBBvT48xjA.v0lrDuRWlSZ6yfNsLve','ROLE_EQUIPO_INSPECCIONES','665566544',null,null,'system',null,null,'1','8','25','6','2');
insert into USERS (USERNAME,PRIM_APELLIDO,SEGUNDO_APELLIDO,CORREO,DOC_IDENTIDAD,CATEGORIA,DESPACHO,ESTADO,FECHA_ALTA,FECHA_BAJA,FECHA_DESTINO_IPSS,FECHA_INACTIVO,FECHA_INGRESO,FECHA_MODIFICACION,NIVEL,NOMBRE,PASSWORD,ROLE,TELEFONO,TFNO_MOVIL_OFICIAL,TFNO_MOVIL_PARTICULAR,USERNAME_ALTA,USERNAME_BAJA,USERNAME_MODIF,ID_CUERPO,ID_DEPARTAMENTO,ID_EMPLEO,ID_PUESTO,ID_CLASE) values ('jcgalan','GALAN','VIVAR','correo@policia.es','n25655','A1',null,'ACTIVO',TODAY,null,to_timestamp('22/04/20 13:00:00,000000000','DD/MM/RR HH24:MI:SS,FF'),null,null,null,'21','JOSE CARLOS','$2a$10$tDGyXBpEASeXlAUCdKsZ9u3MBBvT48xjA.v0lrDuRWlSZ6yfNsLve','ROLE_SERVICIO_APOYO','665566544',null,null,'system',null,null,'1','8','25','9','3');
insert into USERS (USERNAME,PRIM_APELLIDO,SEGUNDO_APELLIDO,CORREO,DOC_IDENTIDAD,CATEGORIA,DESPACHO,ESTADO,FECHA_ALTA,FECHA_BAJA,FECHA_DESTINO_IPSS,FECHA_INACTIVO,FECHA_INGRESO,FECHA_MODIFICACION,NIVEL,NOMBRE,PASSWORD,ROLE,TELEFONO,TFNO_MOVIL_OFICIAL,TFNO_MOVIL_PARTICULAR,USERNAME_ALTA,USERNAME_BAJA,USERNAME_MODIF,ID_CUERPO,ID_DEPARTAMENTO,ID_EMPLEO,ID_PUESTO,ID_CLASE) values ('maserrano','SERRANO','ARGUELLO','correo@policia.es','n20645','A1',null,'ACTIVO',TODAY,null,to_timestamp('01/09/20 11:00:00,000000000','DD/MM/RR HH24:MI:SS,FF'),null,null,null,'18','MIGUEL ANGEL','$2a$10$tDGyXBpEASeXlAUCdKsZ9u3MBBvT48xjA.v0lrDuRWlSZ6yfNsLve','ROLE_EQUIPO_INSPECCIONES','665566544',null,null,'system',null,null,'1','8','25','4','4');
insert into USERS (USERNAME,PRIM_APELLIDO,SEGUNDO_APELLIDO,CORREO,DOC_IDENTIDAD,CATEGORIA,DESPACHO,ESTADO,FECHA_ALTA,FECHA_BAJA,FECHA_DESTINO_IPSS,FECHA_INACTIVO,FECHA_INGRESO,FECHA_MODIFICACION,NIVEL,NOMBRE,PASSWORD,ROLE,TELEFONO,TFNO_MOVIL_OFICIAL,TFNO_MOVIL_PARTICULAR,USERNAME_ALTA,USERNAME_BAJA,USERNAME_MODIF,ID_CUERPO,ID_DEPARTAMENTO,ID_EMPLEO,ID_PUESTO,ID_CLASE) values ('jmarquez','MARQUES','BERDEJO','correo@policia.es','N15432','A1',null,'ACTIVO',TODAY,null,to_timestamp('11/08/20 10:00:00,000000000','DD/MM/RR HH24:MI:SS,FF'),null,null,null,'27','JAVIER','$2a$10$tDGyXBpEASeXlAUCdKsZ9u3MBBvT48xjA.v0lrDuRWlSZ6yfNsLve','ROLE_ADMIN','665566544',null,null,'system',null,null,'1','8','25','7','3');
insert into USERS (USERNAME,PRIM_APELLIDO,SEGUNDO_APELLIDO,CORREO,DOC_IDENTIDAD,CATEGORIA,DESPACHO,ESTADO,FECHA_ALTA,FECHA_BAJA,FECHA_DESTINO_IPSS,FECHA_INACTIVO,FECHA_INGRESO,FECHA_MODIFICACION,NIVEL,NOMBRE,PASSWORD,ROLE,TELEFONO,TFNO_MOVIL_OFICIAL,TFNO_MOVIL_PARTICULAR,USERNAME_ALTA,USERNAME_BAJA,USERNAME_MODIF,ID_CUERPO,ID_DEPARTAMENTO,ID_EMPLEO,ID_PUESTO,ID_CLASE) values ('mafan','AFAN','FAJARDO','correo@policia.es','n24639','A1',null,'ACTIVO',TODAY,null,to_timestamp('22/06/20 16:00:00,000000000','DD/MM/RR HH24:MI:SS,FF'),null,null,null,'21','MIGUEL','$2a$10$tDGyXBpEASeXlAUCdKsZ9u3MBBvT48xjA.v0lrDuRWlSZ6yfNsLve','ROLE_SERVICIO_APOYO','665566544',null,null,'system',null,null,'1','8','25','3','2');
insert into USERS (USERNAME,PRIM_APELLIDO,SEGUNDO_APELLIDO,CORREO,DOC_IDENTIDAD,CATEGORIA,DESPACHO,ESTADO,FECHA_ALTA,FECHA_BAJA,FECHA_DESTINO_IPSS,FECHA_INACTIVO,FECHA_INGRESO,FECHA_MODIFICACION,NIVEL,NOMBRE,PASSWORD,ROLE,TELEFONO,TFNO_MOVIL_OFICIAL,TFNO_MOVIL_PARTICULAR,USERNAME_ALTA,USERNAME_BAJA,USERNAME_MODIF,ID_CUERPO,ID_DEPARTAMENTO,ID_EMPLEO,ID_PUESTO,ID_CLASE) values ('sfcarrasco','CARRASCO','JIMENEZ','correo@policia.es','n16115','A1',null,'ACTIVO',TODAY,null,to_timestamp('01/09/20 11:00:00,000000000','DD/MM/RR HH24:MI:SS,FF'),null,null,null,'27','SALVADOR FRANCISCO','$2a$10$tDGyXBpEASeXlAUCdKsZ9u3MBBvT48xjA.v0lrDuRWlSZ6yfNsLve','ROLE_JEFE_INSPECCIONES','665566544',null,null,'system',null,null,'1','8','25','7','1');
insert into USERS (USERNAME,PRIM_APELLIDO,SEGUNDO_APELLIDO,CORREO,DOC_IDENTIDAD,CATEGORIA,DESPACHO,ESTADO,FECHA_ALTA,FECHA_BAJA,FECHA_DESTINO_IPSS,FECHA_INACTIVO,FECHA_INGRESO,FECHA_MODIFICACION,NIVEL,NOMBRE,PASSWORD,ROLE,TELEFONO,TFNO_MOVIL_OFICIAL,TFNO_MOVIL_PARTICULAR,USERNAME_ALTA,USERNAME_BAJA,USERNAME_MODIF,ID_CUERPO,ID_DEPARTAMENTO,ID_EMPLEO,ID_PUESTO,ID_CLASE) values ('cgonzalez','GONZALEZ','CASTILLO','correo@policia.es','n15967','A1',null,'ACTIVO',TODAY,null,to_timestamp('01/09/20 15:00:00,000000000','DD/MM/RR HH24:MI:SS,FF'),null,null,null,'27','CARLOS','$2a$10$tDGyXBpEASeXlAUCdKsZ9u3MBBvT48xjA.v0lrDuRWlSZ6yfNsLve','ROLE_EQUIPO_INSPECCIONES','665566544',null,null,'system',null,null,'1','8','25','7','2');
insert into USERS (USERNAME,PRIM_APELLIDO,SEGUNDO_APELLIDO,CORREO,DOC_IDENTIDAD,CATEGORIA,DESPACHO,ESTADO,FECHA_ALTA,FECHA_BAJA,FECHA_DESTINO_IPSS,FECHA_INACTIVO,FECHA_INGRESO,FECHA_MODIFICACION,NIVEL,NOMBRE,PASSWORD,ROLE,TELEFONO,TFNO_MOVIL_OFICIAL,TFNO_MOVIL_PARTICULAR,USERNAME_ALTA,USERNAME_BAJA,USERNAME_MODIF,ID_CUERPO,ID_DEPARTAMENTO,ID_EMPLEO,ID_PUESTO,ID_CLASE) values ('fvilchews','VILCHES','RENTERO','correo@policia.es','n11718','A1',null,'ACTIVO',TODAY,null,to_timestamp('17/04/20 15:00:00,000000000','DD/MM/RR HH24:MI:SS,FF'),null,null,null,'28','FRANCISCO','$2a$10$tDGyXBpEASeXlAUCdKsZ9u3MBBvT48xjA.v0lrDuRWlSZ6yfNsLve','ROLE_EQUIPO_INSPECCIONES','665566544',null,null,'system',null,null,'1','8','25','6','4');
Insert into USERS (USERNAME,PRIM_APELLIDO,SEGUNDO_APELLIDO,CORREO,DOC_IDENTIDAD,CATEGORIA,DESPACHO,ESTADO,FECHA_ALTA,FECHA_BAJA,FECHA_DESTINO_IPSS,FECHA_INACTIVO,FECHA_INGRESO,FECHA_MODIFICACION,NIVEL,NOMBRE,USERNAME_ALTA,USERNAME_BAJA,USERNAME_MODIF,PASSWORD,ROLE,TELEFONO,TFNO_MOVIL_OFICIAL,TFNO_MOVIL_PARTICULAR,ID_CLASE,ID_CUERPO,ID_DEPARTAMENTO,ID_EMPLEO,ID_PUESTO) values ('prueba@ezentis.com','provisional',null,'prueba@ezentis.com','000000000T',null,null,'ACTIVO',to_timestamp('23/06/17 09:44:57,335000000','DD/MM/RR HH24:MI:SS,FF'),null,to_timestamp('23/06/17 09:44:57,235000000','DD/MM/RR HH24:MI:SS,FF'),null,null,to_timestamp('23/06/17 09:44:57,335000000','DD/MM/RR HH24:MI:SS,FF'),'0','provisional','ezentis',null,'ezentis','$2a$10$Fwf2yOXk6MbOZVRA4nwUSOJ4O2ynZNq9ivxOSKhKLRVjIvWxLUTmG','ROLE_PROV_CUESTIONARIO',null,null,null,null,null,null,null,null);
Insert into USERS (USERNAME,PRIM_APELLIDO,SEGUNDO_APELLIDO,CORREO,DOC_IDENTIDAD,CATEGORIA,DESPACHO,ESTADO,FECHA_ALTA,FECHA_BAJA,FECHA_DESTINO_IPSS,FECHA_INACTIVO,FECHA_INGRESO,FECHA_MODIFICACION,NIVEL,NOMBRE,USERNAME_ALTA,USERNAME_BAJA,USERNAME_MODIF,PASSWORD,ROLE,TELEFONO,TFNO_MOVIL_OFICIAL,TFNO_MOVIL_PARTICULAR,ID_CLASE,ID_CUERPO,ID_DEPARTAMENTO,ID_EMPLEO,ID_PUESTO) values ('prueba1@ezentis.com','provisional',null,'prueba@ezentis.com','000000000T',null,null,'INACTIVO',to_timestamp('23/06/17 09:44:57,339000000','DD/MM/RR HH24:MI:SS,FF'),null,to_timestamp('23/06/17 09:44:57,235000000','DD/MM/RR HH24:MI:SS,FF'),null,null,to_timestamp('23/06/17 09:44:57,339000000','DD/MM/RR HH24:MI:SS,FF'),'0','provisional','ezentis',null,'ezentis','$2a$10$Fwf2yOXk6MbOZVRA4nwUSOJ4O2ynZNq9ivxOSKhKLRVjIvWxLUTmG','ROLE_PROV_CUESTIONARIO',null,null,null,null,null,null,null,null);
Insert into USERS (USERNAME,PRIM_APELLIDO,SEGUNDO_APELLIDO,CORREO,DOC_IDENTIDAD,CATEGORIA,DESPACHO,ESTADO,FECHA_ALTA,FECHA_BAJA,FECHA_DESTINO_IPSS,FECHA_INACTIVO,FECHA_INGRESO,FECHA_MODIFICACION,NIVEL,NOMBRE,USERNAME_ALTA,USERNAME_BAJA,USERNAME_MODIF,PASSWORD,ROLE,TELEFONO,TFNO_MOVIL_OFICIAL,TFNO_MOVIL_PARTICULAR,ID_CLASE,ID_CUERPO,ID_DEPARTAMENTO,ID_EMPLEO,ID_PUESTO) values ('prueba2@ezentis.com','provisional',null,'prueba@ezentis.com','000000000T',null,null,'INACTIVO',to_timestamp('23/06/17 09:44:57,343000000','DD/MM/RR HH24:MI:SS,FF'),null,to_timestamp('23/06/17 09:44:57,235000000','DD/MM/RR HH24:MI:SS,FF'),null,null,to_timestamp('23/06/17 09:44:57,343000000','DD/MM/RR HH24:MI:SS,FF'),'0','provisional','ezentis',null,'ezentis','$2a$10$Fwf2yOXk6MbOZVRA4nwUSOJ4O2ynZNq9ivxOSKhKLRVjIvWxLUTmG','ROLE_PROV_CUESTIONARIO',null,null,null,null,null,null,null,null);
Insert into USERS (USERNAME,PRIM_APELLIDO,SEGUNDO_APELLIDO,CORREO,DOC_IDENTIDAD,CATEGORIA,DESPACHO,ESTADO,FECHA_ALTA,FECHA_BAJA,FECHA_DESTINO_IPSS,FECHA_INACTIVO,FECHA_INGRESO,FECHA_MODIFICACION,NIVEL,NOMBRE,USERNAME_ALTA,USERNAME_BAJA,USERNAME_MODIF,PASSWORD,ROLE,TELEFONO,TFNO_MOVIL_OFICIAL,TFNO_MOVIL_PARTICULAR,ID_CLASE,ID_CUERPO,ID_DEPARTAMENTO,ID_EMPLEO,ID_PUESTO) values ('prueba3@ezentis.com','provisional',null,'prueba@ezentis.com','000000000T',null,null,'INACTIVO',to_timestamp('23/06/17 09:44:57,346000000','DD/MM/RR HH24:MI:SS,FF'),null,to_timestamp('23/06/17 09:44:57,235000000','DD/MM/RR HH24:MI:SS,FF'),null,null,to_timestamp('23/06/17 09:44:57,346000000','DD/MM/RR HH24:MI:SS,FF'),'0','provisional','ezentis',null,'ezentis','$2a$10$Fwf2yOXk6MbOZVRA4nwUSOJ4O2ynZNq9ivxOSKhKLRVjIvWxLUTmG','ROLE_PROV_CUESTIONARIO',null,null,null,null,null,null,null,null);
Insert into USERS (USERNAME,PRIM_APELLIDO,SEGUNDO_APELLIDO,CORREO,DOC_IDENTIDAD,CATEGORIA,DESPACHO,ESTADO,FECHA_ALTA,FECHA_BAJA,FECHA_DESTINO_IPSS,FECHA_INACTIVO,FECHA_INGRESO,FECHA_MODIFICACION,NIVEL,NOMBRE,USERNAME_ALTA,USERNAME_BAJA,USERNAME_MODIF,PASSWORD,ROLE,TELEFONO,TFNO_MOVIL_OFICIAL,TFNO_MOVIL_PARTICULAR,ID_CLASE,ID_CUERPO,ID_DEPARTAMENTO,ID_EMPLEO,ID_PUESTO) values ('prueba9@ezentis.com','provisional',null,'prueba@ezentis.com','000000000T',null,null,'INACTIVO',to_timestamp('23/06/17 09:44:57,367000000','DD/MM/RR HH24:MI:SS,FF'),null,to_timestamp('23/06/17 09:44:57,235000000','DD/MM/RR HH24:MI:SS,FF'),null,null,to_timestamp('23/06/17 09:44:57,367000000','DD/MM/RR HH24:MI:SS,FF'),'0','provisional','ezentis',null,'ezentis','$2a$10$Fwf2yOXk6MbOZVRA4nwUSOJ4O2ynZNq9ivxOSKhKLRVjIvWxLUTmG','ROLE_PROV_CUESTIONARIO',null,null,null,null,null,null,null,null);
Insert into USERS (USERNAME,PRIM_APELLIDO,SEGUNDO_APELLIDO,CORREO,DOC_IDENTIDAD,CATEGORIA,DESPACHO,ESTADO,FECHA_ALTA,FECHA_BAJA,FECHA_DESTINO_IPSS,FECHA_INACTIVO,FECHA_INGRESO,FECHA_MODIFICACION,NIVEL,NOMBRE,USERNAME_ALTA,USERNAME_BAJA,USERNAME_MODIF,PASSWORD,ROLE,TELEFONO,TFNO_MOVIL_OFICIAL,TFNO_MOVIL_PARTICULAR,ID_CLASE,ID_CUERPO,ID_DEPARTAMENTO,ID_EMPLEO,ID_PUESTO) values ('prueba5@ezentis.com','provisional',null,'prueba@ezentis.com','000000000T',null,null,'INACTIVO',to_timestamp('23/06/17 09:44:57,352000000','DD/MM/RR HH24:MI:SS,FF'),null,to_timestamp('23/06/17 09:44:57,235000000','DD/MM/RR HH24:MI:SS,FF'),null,null,to_timestamp('23/06/17 09:44:57,352000000','DD/MM/RR HH24:MI:SS,FF'),'0','provisional','ezentis',null,'ezentis','$2a$10$Fwf2yOXk6MbOZVRA4nwUSOJ4O2ynZNq9ivxOSKhKLRVjIvWxLUTmG','ROLE_PROV_CUESTIONARIO',null,null,null,null,null,null,null,null);
Insert into USERS (USERNAME,PRIM_APELLIDO,SEGUNDO_APELLIDO,CORREO,DOC_IDENTIDAD,CATEGORIA,DESPACHO,ESTADO,FECHA_ALTA,FECHA_BAJA,FECHA_DESTINO_IPSS,FECHA_INACTIVO,FECHA_INGRESO,FECHA_MODIFICACION,NIVEL,NOMBRE,USERNAME_ALTA,USERNAME_BAJA,USERNAME_MODIF,PASSWORD,ROLE,TELEFONO,TFNO_MOVIL_OFICIAL,TFNO_MOVIL_PARTICULAR,ID_CLASE,ID_CUERPO,ID_DEPARTAMENTO,ID_EMPLEO,ID_PUESTO) values ('prueba6@ezentis.com','provisional',null,'prueba@ezentis.com','000000000T',null,null,'INACTIVO',to_timestamp('23/06/17 09:44:57,357000000','DD/MM/RR HH24:MI:SS,FF'),null,to_timestamp('23/06/17 09:44:57,235000000','DD/MM/RR HH24:MI:SS,FF'),null,null,to_timestamp('23/06/17 09:44:57,357000000','DD/MM/RR HH24:MI:SS,FF'),'0','provisional','ezentis',null,'ezentis','$2a$10$Fwf2yOXk6MbOZVRA4nwUSOJ4O2ynZNq9ivxOSKhKLRVjIvWxLUTmG','ROLE_PROV_CUESTIONARIO',null,null,null,null,null,null,null,null);
Insert into USERS (USERNAME,PRIM_APELLIDO,SEGUNDO_APELLIDO,CORREO,DOC_IDENTIDAD,CATEGORIA,DESPACHO,ESTADO,FECHA_ALTA,FECHA_BAJA,FECHA_DESTINO_IPSS,FECHA_INACTIVO,FECHA_INGRESO,FECHA_MODIFICACION,NIVEL,NOMBRE,USERNAME_ALTA,USERNAME_BAJA,USERNAME_MODIF,PASSWORD,ROLE,TELEFONO,TFNO_MOVIL_OFICIAL,TFNO_MOVIL_PARTICULAR,ID_CLASE,ID_CUERPO,ID_DEPARTAMENTO,ID_EMPLEO,ID_PUESTO) values ('prueba7@ezentis.com','provisional',null,'prueba@ezentis.com','000000000T',null,null,'INACTIVO',to_timestamp('23/06/17 09:44:57,361000000','DD/MM/RR HH24:MI:SS,FF'),null,to_timestamp('23/06/17 09:44:57,235000000','DD/MM/RR HH24:MI:SS,FF'),null,null,to_timestamp('23/06/17 09:44:57,361000000','DD/MM/RR HH24:MI:SS,FF'),'0','provisional','ezentis',null,'ezentis','$2a$10$Fwf2yOXk6MbOZVRA4nwUSOJ4O2ynZNq9ivxOSKhKLRVjIvWxLUTmG','ROLE_PROV_CUESTIONARIO',null,null,null,null,null,null,null,null);
Insert into USERS (USERNAME,PRIM_APELLIDO,SEGUNDO_APELLIDO,CORREO,DOC_IDENTIDAD,CATEGORIA,DESPACHO,ESTADO,FECHA_ALTA,FECHA_BAJA,FECHA_DESTINO_IPSS,FECHA_INACTIVO,FECHA_INGRESO,FECHA_MODIFICACION,NIVEL,NOMBRE,USERNAME_ALTA,USERNAME_BAJA,USERNAME_MODIF,PASSWORD,ROLE,TELEFONO,TFNO_MOVIL_OFICIAL,TFNO_MOVIL_PARTICULAR,ID_CLASE,ID_CUERPO,ID_DEPARTAMENTO,ID_EMPLEO,ID_PUESTO) values ('prueba8@ezentis.com','provisional',null,'prueba@ezentis.com','000000000T',null,null,'INACTIVO',to_timestamp('23/06/17 09:44:57,364000000','DD/MM/RR HH24:MI:SS,FF'),null,to_timestamp('23/06/17 09:44:57,235000000','DD/MM/RR HH24:MI:SS,FF'),null,null,to_timestamp('23/06/17 09:44:57,364000000','DD/MM/RR HH24:MI:SS,FF'),'0','provisional','ezentis',null,'ezentis','$2a$10$Fwf2yOXk6MbOZVRA4nwUSOJ4O2ynZNq9ivxOSKhKLRVjIvWxLUTmG','ROLE_PROV_CUESTIONARIO',null,null,null,null,null,null,null,null);
Insert into USERS (USERNAME,PRIM_APELLIDO,SEGUNDO_APELLIDO,CORREO,DOC_IDENTIDAD,CATEGORIA,DESPACHO,ESTADO,FECHA_ALTA,FECHA_BAJA,FECHA_DESTINO_IPSS,FECHA_INACTIVO,FECHA_INGRESO,FECHA_MODIFICACION,NIVEL,NOMBRE,USERNAME_ALTA,USERNAME_BAJA,USERNAME_MODIF,PASSWORD,ROLE,TELEFONO,TFNO_MOVIL_OFICIAL,TFNO_MOVIL_PARTICULAR,ID_CLASE,ID_CUERPO,ID_DEPARTAMENTO,ID_EMPLEO,ID_PUESTO) values ('prueba4@ezentis.com','provisional',null,'prueba@ezentis.com','000000000T',null,null,'INACTIVO',to_timestamp('23/06/17 09:44:57,349000000','DD/MM/RR HH24:MI:SS,FF'),null,to_timestamp('23/06/17 09:44:57,235000000','DD/MM/RR HH24:MI:SS,FF'),null,null,to_timestamp('23/06/17 09:44:57,349000000','DD/MM/RR HH24:MI:SS,FF'),'0','provisional','ezentis',null,'ezentis','$2a$10$Fwf2yOXk6MbOZVRA4nwUSOJ4O2ynZNq9ivxOSKhKLRVjIvWxLUTmG','ROLE_PROV_CUESTIONARIO',null,null,null,null,null,null,null,null);


insert into EQUIPO (ID,FECHA_ALTA,FECHA_BAJA,JEFE_EQUIPO,NOMBRE_EQUIPO,USERNAME_ALTA,USERNAME_BAJA,ID_TIPO_EQUIPO) values ('1',TODAY,null,'ajangulo','Equipo A','system',null,'1');
insert into EQUIPO (ID,FECHA_ALTA,FECHA_BAJA,JEFE_EQUIPO,NOMBRE_EQUIPO,USERNAME_ALTA,USERNAME_BAJA,ID_TIPO_EQUIPO) values ('2',TODAY,null,'cgonzalez','Equipo B','system',null,'2');
insert into EQUIPO (ID,FECHA_ALTA,FECHA_BAJA,JEFE_EQUIPO,NOMBRE_EQUIPO,USERNAME_ALTA,USERNAME_BAJA,ID_TIPO_EQUIPO) values ('3',TODAY,null,'mfgonzalez','Equipo C','system',null,'3');
insert into EQUIPO (ID,FECHA_ALTA,FECHA_BAJA,JEFE_EQUIPO,NOMBRE_EQUIPO,USERNAME_ALTA,USERNAME_BAJA,ID_TIPO_EQUIPO) values ('4',TODAY,TODAY,'fvilchews','Equipo D','system','system','4');


insert into MIEMBROS (ID,POSICION,USUARIO,ID_EQUIPO) values ('1','JEFE_EQUIPO','ajangulo','1');
insert into MIEMBROS (ID,POSICION,USUARIO,ID_EQUIPO) values ('2','MIEMBRO','pedro','1');
insert into MIEMBROS (ID,POSICION,USUARIO,ID_EQUIPO) values ('3','MIEMBRO','jmanuel','1');
insert into MIEMBROS (ID,POSICION,USUARIO,ID_EQUIPO) values ('4','MIEMBRO','alopez','1');
insert into MIEMBROS (ID,POSICION,USUARIO,ID_EQUIPO) values ('5','JEFE_EQUIPO','cgonzalez','2');
insert into MIEMBROS (ID,POSICION,USUARIO,ID_EQUIPO) values ('6','MIEMBRO','amateos','2');
insert into MIEMBROS (ID,POSICION,USUARIO,ID_EQUIPO) values ('7','MIEMBRO','emartinez','2');
insert into MIEMBROS (ID,POSICION,USUARIO,ID_EQUIPO) values ('8','JEFE_EQUIPO','mfgonzalez','3');
insert into MIEMBROS (ID,POSICION,USUARIO,ID_EQUIPO) values ('9','MIEMBRO','jlcalonge','3');
insert into MIEMBROS (ID,POSICION,USUARIO,ID_EQUIPO) values ('10','MIEMBRO','jicerezo','3');
insert into MIEMBROS (ID,POSICION,USUARIO,ID_EQUIPO) values ('11','COLABORADOR','alopez','3');
insert into MIEMBROS (ID,POSICION,USUARIO,ID_EQUIPO) values ('12','JEFE_EQUIPO','fvilchews','4');


insert into PROVINCIAS (CODIGO,CODIGO_MN,NOMBRE) values (28,'M','Madrid');


insert into MUNICIPIOS (ID,NAME,CODE_PROVINCE) values (4331,'FRESNO DE TOROTE',28);
insert into MUNICIPIOS (ID,NAME,CODE_PROVINCE) values (4348,'LEGANÉS',28);

insert into tipos_unidad (id, descripcion) values (1, 'Cª Distrito');
insert into tipos_unidad (id, descripcion) values (2, 'Cª local');
insert into tipos_unidad (id, descripcion) values (3, 'Cª Provincial');
insert into tipos_unidad (id, descripcion) values (4, 'CIA');
insert into tipos_unidad (id, descripcion) values (5, 'CIE');
insert into tipos_unidad (id, descripcion) values (6, 'Cmdcia');
insert into tipos_unidad (id, descripcion) values (7, 'JSP');
insert into tipos_unidad (id, descripcion) values (8, 'Pto. Fronterizo');
insert into tipos_unidad (id, descripcion) values (9, 'Serv. Central');
insert into tipos_unidad (id, descripcion) values (10, 'U.E. y D.');
insert into tipos_unidad (id, descripcion) values (11, 'Zona');


insert into INSPECCIONES (ID,AMBITO,ANIO,CUATRIMESTRE,FECHA_ALTA,FECHA_BAJA,FECHA_FINALIZACION,NOMBRE_UNIDAD,USERNAME_ALTA,USERNAME_BAJA,USERNAME_FINALIZACION,ID_EQUIPO,TIPO_INSPECCION,FECHA_MODIFICACION,USERNAME_MODIF,ESTADO_INSPECCION,FECHA_ANULACION,FECHA_PREVISTA,USERNAME_ANULACION,ID_MUNICIPIO,TIPO_UNIDAD) values ('1','PN','2017','PRIMERO',to_timestamp('28/04/17 00:00:00,000000000','DD/MM/RR HH24:MI:SS,FF'),null,null,'Lérida','system',null,null,'1','I.G.P.',null,null,'C_PEND_SOLICITAR_DOC_PREVIA',null,to_timestamp('28/04/17 00:00:00,000000000','DD/MM/RR HH24:MI:SS,FF'),null,'4331','2');
insert into INSPECCIONES (ID,AMBITO,ANIO,CUATRIMESTRE,FECHA_ALTA,FECHA_BAJA,FECHA_FINALIZACION,NOMBRE_UNIDAD,USERNAME_ALTA,USERNAME_BAJA,USERNAME_FINALIZACION,ID_EQUIPO,TIPO_INSPECCION,FECHA_MODIFICACION,USERNAME_MODIF,ESTADO_INSPECCION,FECHA_ANULACION,FECHA_PREVISTA,USERNAME_ANULACION,ID_MUNICIPIO,TIPO_UNIDAD) values ('2','PN','2017','PRIMERO',to_timestamp('28/04/17 00:00:00,000000000','DD/MM/RR HH24:MI:SS,FF'),null,null,'La Seu D''Urgell','system',null,null,'1','I.G.P.',null,null,'C_PEND_SOLICITAR_DOC_PREVIA',null,to_timestamp('28/04/17 00:00:00,000000000','DD/MM/RR HH24:MI:SS,FF'),null,'4331','3');
insert into INSPECCIONES (ID,AMBITO,ANIO,CUATRIMESTRE,FECHA_ALTA,FECHA_BAJA,FECHA_FINALIZACION,NOMBRE_UNIDAD,USERNAME_ALTA,USERNAME_BAJA,USERNAME_FINALIZACION,ID_EQUIPO,TIPO_INSPECCION,FECHA_MODIFICACION,USERNAME_MODIF,ESTADO_INSPECCION,FECHA_ANULACION,FECHA_PREVISTA,USERNAME_ANULACION,ID_MUNICIPIO,TIPO_UNIDAD) values ('3','GC','2017','PRIMERO',to_timestamp('28/04/17 00:00:00,000000000','DD/MM/RR HH24:MI:SS,FF'),null,null,'Lérida','system',null,null,'1','I.G.P.',null,null,'C_PEND_SOLICITAR_DOC_PREVIA',null,to_timestamp('28/04/17 00:00:00,000000000','DD/MM/RR HH24:MI:SS,FF'),null,'4331','3');
insert into INSPECCIONES (ID,AMBITO,ANIO,CUATRIMESTRE,FECHA_ALTA,FECHA_BAJA,FECHA_FINALIZACION,NOMBRE_UNIDAD,USERNAME_ALTA,USERNAME_BAJA,USERNAME_FINALIZACION,ID_EQUIPO,TIPO_INSPECCION,FECHA_MODIFICACION,USERNAME_MODIF,ESTADO_INSPECCION,FECHA_ANULACION,FECHA_PREVISTA,USERNAME_ANULACION,ID_MUNICIPIO,TIPO_UNIDAD) values ('4','GC','2017','PRIMERO',to_timestamp('28/04/17 00:00:00,000000000','DD/MM/RR HH24:MI:SS,FF'),null,null,'La Seu D''Urgell','system',null,null,'1','I.G.P.',null,null,'C_PEND_SOLICITAR_DOC_PREVIA',null,to_timestamp('28/04/17 00:00:00,000000000','DD/MM/RR HH24:MI:SS,FF'),null,'4331','3');
insert into INSPECCIONES (ID,AMBITO,ANIO,CUATRIMESTRE,FECHA_ALTA,FECHA_BAJA,FECHA_FINALIZACION,NOMBRE_UNIDAD,USERNAME_ALTA,USERNAME_BAJA,USERNAME_FINALIZACION,ID_EQUIPO,TIPO_INSPECCION,FECHA_MODIFICACION,USERNAME_MODIF,ESTADO_INSPECCION,FECHA_ANULACION,FECHA_PREVISTA,USERNAME_ANULACION,ID_MUNICIPIO,TIPO_UNIDAD) values ('5','PN','2017','PRIMERO',to_timestamp('28/04/17 00:00:00,000000000','DD/MM/RR HH24:MI:SS,FF'),null,null,'Granada','system',null,null,'1','I.G.S.',null,null,'C_PEND_SOLICITAR_DOC_PREVIA',null,to_timestamp('28/04/17 00:00:00,000000000','DD/MM/RR HH24:MI:SS,FF'),null,'4331','3');
insert into INSPECCIONES (ID,AMBITO,ANIO,CUATRIMESTRE,FECHA_ALTA,FECHA_BAJA,FECHA_FINALIZACION,NOMBRE_UNIDAD,USERNAME_ALTA,USERNAME_BAJA,USERNAME_FINALIZACION,ID_EQUIPO,TIPO_INSPECCION,FECHA_MODIFICACION,USERNAME_MODIF,ESTADO_INSPECCION,FECHA_ANULACION,FECHA_PREVISTA,USERNAME_ANULACION,ID_MUNICIPIO,TIPO_UNIDAD) values ('6','GC','2017','PRIMERO',to_timestamp('28/04/17 00:00:00,000000000','DD/MM/RR HH24:MI:SS,FF'),null,null,'Granada','system',null,null,'1','I.G.S.',null,null,'C_PEND_SOLICITAR_DOC_PREVIA',null,to_timestamp('28/04/17 00:00:00,000000000','DD/MM/RR HH24:MI:SS,FF'),null,'4331','3');
insert into INSPECCIONES (ID,AMBITO,ANIO,CUATRIMESTRE,FECHA_ALTA,FECHA_BAJA,FECHA_FINALIZACION,NOMBRE_UNIDAD,USERNAME_ALTA,USERNAME_BAJA,USERNAME_FINALIZACION,ID_EQUIPO,TIPO_INSPECCION,FECHA_MODIFICACION,USERNAME_MODIF,ESTADO_INSPECCION,FECHA_ANULACION,FECHA_PREVISTA,USERNAME_ANULACION,ID_MUNICIPIO,TIPO_UNIDAD) values ('7','PN','2017','PRIMERO',to_timestamp('28/04/17 00:00:00,000000000','DD/MM/RR HH24:MI:SS,FF'),null,null,'País Vasco','system',null,null,'1','I.G.P.',null,null,'C_PEND_SOLICITAR_DOC_PREVIA',null,to_timestamp('28/04/17 00:00:00,000000000','DD/MM/RR HH24:MI:SS,FF'),null,'4348','3');
insert into INSPECCIONES (ID,AMBITO,ANIO,CUATRIMESTRE,FECHA_ALTA,FECHA_BAJA,FECHA_FINALIZACION,NOMBRE_UNIDAD,USERNAME_ALTA,USERNAME_BAJA,USERNAME_FINALIZACION,ID_EQUIPO,TIPO_INSPECCION,FECHA_MODIFICACION,USERNAME_MODIF,ESTADO_INSPECCION,FECHA_ANULACION,FECHA_PREVISTA,USERNAME_ANULACION,ID_MUNICIPIO,TIPO_UNIDAD) values ('8','PN','2017','PRIMERO',to_timestamp('28/04/17 00:00:00,000000000','DD/MM/RR HH24:MI:SS,FF'),null,null,'Astorga','system',null,null,'1','I.G.P.',null,null,'C_PEND_SOLICITAR_DOC_PREVIA',null,to_timestamp('28/04/17 00:00:00,000000000','DD/MM/RR HH24:MI:SS,FF'),null,'4348','3');


insert into SOLICITUD_DOC_PREVIA (ID,APOYO_CORREO,APOYO_NOMBRE,APOYO_PUESTO,APOYO_TELEFONO,ASUNTO,CARGO_INTERLOCUTOR,CATEGORIA_INTERLOCUTOR,CORREO_CORPORATIVO_INTER,CORREO_CORPORATIVO_INTER_COMPL,CORREO_DESTINATARIO,DESCARGA_PLANTILLAS,DESTINATARIO,FECHA_ALTA,FECHA_BAJA,FECHA_CUMPLIMENTACION,FECHA_ENVIO,FECHA_FINALIZACION,FECHA_LIMITE_CUMPLIMENTAR,FECHA_LIMITE_ENVIO,FECHA_NO_CONFORME,FECHA_VALID_APOYO,FECHA_VALID_JEFE_EQUIPO,NOMBRE_COMPLETO_INTERLOCUTOR,TELEFONO_INTERLOCUTOR,USERNAME_ALTA,USERNAME_BAJA,USERNAME_ENVIO,USERNAME_VALID_APOYO,USERNAME_VALID_JEFE_EQUIPO,USUARIO_FINALIZACION,USUARIO_NO_CONFORME,ID_INSPECCION) values (1,'mmayo@interior.es','Manuel Mayo Rodríguez','Inspector Auditor, Jefe del Servicio de Apoyo','915372541','Asunto',null,null,null,null,'correoDestinatario1@ezentis.com','true','Destinatario',to_timestamp('03/05/17 09:07:55,812000000','DD/MM/RR HH24:MI:SS,FF'),null,null,null,null,to_timestamp('30/05/17 00:00:00,000000000','DD/MM/RR HH24:MI:SS,FF'),to_timestamp('06/05/17 00:00:00,000000000','DD/MM/RR HH24:MI:SS,FF'),null,null,null,null,null,'parbona',null,null,null,null,null,null,1);
insert into SOLICITUD_DOC_PREVIA (ID,APOYO_CORREO,APOYO_NOMBRE,APOYO_PUESTO,APOYO_TELEFONO,ASUNTO,CARGO_INTERLOCUTOR,CATEGORIA_INTERLOCUTOR,CORREO_CORPORATIVO_INTER,CORREO_CORPORATIVO_INTER_COMPL,CORREO_DESTINATARIO,DESCARGA_PLANTILLAS,DESTINATARIO,FECHA_ALTA,FECHA_BAJA,FECHA_CUMPLIMENTACION,FECHA_ENVIO,FECHA_FINALIZACION,FECHA_LIMITE_CUMPLIMENTAR,FECHA_LIMITE_ENVIO,FECHA_NO_CONFORME,FECHA_VALID_APOYO,FECHA_VALID_JEFE_EQUIPO,NOMBRE_COMPLETO_INTERLOCUTOR,TELEFONO_INTERLOCUTOR,USERNAME_ALTA,USERNAME_BAJA,USERNAME_ENVIO,USERNAME_VALID_APOYO,USERNAME_VALID_JEFE_EQUIPO,USUARIO_FINALIZACION,USUARIO_NO_CONFORME,ID_INSPECCION) values (2,'mmayo@interior.es','Manuel Mayo Rodríguez','Inspector Auditor, Jefe del Servicio de Apoyo','915372541','Asunto',null,null,null,null,'correoDestinatario2@ezentis.com','true','Destinatario',to_timestamp('03/05/17 09:07:55,812000000','DD/MM/RR HH24:MI:SS,FF'),null,null,null,null,to_timestamp('30/05/17 00:00:00,000000000','DD/MM/RR HH24:MI:SS,FF'),to_timestamp('06/05/17 00:00:00,000000000','DD/MM/RR HH24:MI:SS,FF'),null,to_timestamp('03/05/17 09:07:55,812000000','DD/MM/RR HH24:MI:SS,FF'),null,null,null,'parbona',null,null,'parbona',null,null,null,2);
insert into SOLICITUD_DOC_PREVIA (ID,APOYO_CORREO,APOYO_NOMBRE,APOYO_PUESTO,APOYO_TELEFONO,ASUNTO,CARGO_INTERLOCUTOR,CATEGORIA_INTERLOCUTOR,CORREO_CORPORATIVO_INTER,CORREO_CORPORATIVO_INTER_COMPL,CORREO_DESTINATARIO,DESCARGA_PLANTILLAS,DESTINATARIO,FECHA_ALTA,FECHA_BAJA,FECHA_CUMPLIMENTACION,FECHA_ENVIO,FECHA_FINALIZACION,FECHA_LIMITE_CUMPLIMENTAR,FECHA_LIMITE_ENVIO,FECHA_NO_CONFORME,FECHA_VALID_APOYO,FECHA_VALID_JEFE_EQUIPO,NOMBRE_COMPLETO_INTERLOCUTOR,TELEFONO_INTERLOCUTOR,USERNAME_ALTA,USERNAME_BAJA,USERNAME_ENVIO,USERNAME_VALID_APOYO,USERNAME_VALID_JEFE_EQUIPO,USUARIO_FINALIZACION,USUARIO_NO_CONFORME,ID_INSPECCION) values (3,'mmayo@interior.es','Manuel Mayo Rodríguez','Inspector Auditor, Jefe del Servicio de Apoyo','915372541','Asunto',null,null,null,null,'correoDestinatario3@ezentis.com','true','Destinatario',to_timestamp('03/05/17 09:07:55,812000000','DD/MM/RR HH24:MI:SS,FF'),null,null,null,null,to_timestamp('30/05/17 00:00:00,000000000','DD/MM/RR HH24:MI:SS,FF'),to_timestamp('06/05/17 00:00:00,000000000','DD/MM/RR HH24:MI:SS,FF'),null,to_timestamp('03/05/17 09:07:55,812000000','DD/MM/RR HH24:MI:SS,FF'),to_timestamp('03/05/17 09:07:55,812000000','DD/MM/RR HH24:MI:SS,FF'),null,null,'parbona',null,null,'parbona','ajangulo',null,null,3);
insert into SOLICITUD_DOC_PREVIA (ID,APOYO_CORREO,APOYO_NOMBRE,APOYO_PUESTO,APOYO_TELEFONO,ASUNTO,CARGO_INTERLOCUTOR,CATEGORIA_INTERLOCUTOR,CORREO_CORPORATIVO_INTER,CORREO_CORPORATIVO_INTER_COMPL,CORREO_DESTINATARIO,DESCARGA_PLANTILLAS,DESTINATARIO,FECHA_ALTA,FECHA_BAJA,FECHA_CUMPLIMENTACION,FECHA_ENVIO,FECHA_FINALIZACION,FECHA_LIMITE_CUMPLIMENTAR,FECHA_LIMITE_ENVIO,FECHA_NO_CONFORME,FECHA_VALID_APOYO,FECHA_VALID_JEFE_EQUIPO,NOMBRE_COMPLETO_INTERLOCUTOR,TELEFONO_INTERLOCUTOR,USERNAME_ALTA,USERNAME_BAJA,USERNAME_ENVIO,USERNAME_VALID_APOYO,USERNAME_VALID_JEFE_EQUIPO,USUARIO_FINALIZACION,USUARIO_NO_CONFORME,ID_INSPECCION) values (4,'mmayo@interior.es','Manuel Mayo Rodríguez','Inspector Auditor, Jefe del Servicio de Apoyo','915372541','Asunto',null,null,null,null,'correoDestinatario4@ezentis.com','true','Destinatario',to_timestamp('03/05/17 09:07:55,812000000','DD/MM/RR HH24:MI:SS,FF'),null,null,to_timestamp('03/05/17 09:07:55,812000000','DD/MM/RR HH24:MI:SS,FF'),null,to_timestamp('30/05/17 00:00:00,000000000','DD/MM/RR HH24:MI:SS,FF'),to_timestamp('06/05/17 00:00:00,000000000','DD/MM/RR HH24:MI:SS,FF'),null,to_timestamp('03/05/17 09:07:55,812000000','DD/MM/RR HH24:MI:SS,FF'),to_timestamp('03/05/17 09:07:55,812000000','DD/MM/RR HH24:MI:SS,FF'),null,null,'parbona',null,null,'parbona','ajangulo',null,null,4);
insert into SOLICITUD_DOC_PREVIA (ID,APOYO_CORREO,APOYO_NOMBRE,APOYO_PUESTO,APOYO_TELEFONO,ASUNTO,CARGO_INTERLOCUTOR,CATEGORIA_INTERLOCUTOR,CORREO_CORPORATIVO_INTER,CORREO_CORPORATIVO_INTER_COMPL,CORREO_DESTINATARIO,DESCARGA_PLANTILLAS,DESTINATARIO,FECHA_ALTA,FECHA_BAJA,FECHA_CUMPLIMENTACION,FECHA_ENVIO,FECHA_FINALIZACION,FECHA_LIMITE_CUMPLIMENTAR,FECHA_LIMITE_ENVIO,FECHA_NO_CONFORME,FECHA_VALID_APOYO,FECHA_VALID_JEFE_EQUIPO,NOMBRE_COMPLETO_INTERLOCUTOR,TELEFONO_INTERLOCUTOR,USERNAME_ALTA,USERNAME_BAJA,USERNAME_ENVIO,USERNAME_VALID_APOYO,USERNAME_VALID_JEFE_EQUIPO,USUARIO_FINALIZACION,USUARIO_NO_CONFORME,ID_INSPECCION) values (5,'mmayo@interior.es','Manuel Mayo Rodríguez','Inspector Auditor, Jefe del Servicio de Apoyo','915372541','Asunto','cargoInterlocutor','categoriaInterlocutor','correoCorpInterlocutor','correoCorpComplInterlocutor','correoDestinatario5@ezentis.com','true','Destinatario',to_timestamp('03/05/17 09:07:55,812000000','DD/MM/RR HH24:MI:SS,FF'),null,to_timestamp('03/05/17 09:07:55,812000000','DD/MM/RR HH24:MI:SS,FF'),to_timestamp('03/05/17 09:07:55,812000000','DD/MM/RR HH24:MI:SS,FF'),null,to_timestamp('30/05/17 00:00:00,000000000','DD/MM/RR HH24:MI:SS,FF'),to_timestamp('06/05/17 00:00:00,000000000','DD/MM/RR HH24:MI:SS,FF'),null,to_timestamp('03/05/17 09:07:55,812000000','DD/MM/RR HH24:MI:SS,FF'),to_timestamp('03/05/17 09:07:55,812000000','DD/MM/RR HH24:MI:SS,FF'),'nombreInterlocutor','000000000','parbona',null,'sfcarrasco','parbona','ajangulo',null,null,5);
insert into SOLICITUD_DOC_PREVIA (ID,APOYO_CORREO,APOYO_NOMBRE,APOYO_PUESTO,APOYO_TELEFONO,ASUNTO,CARGO_INTERLOCUTOR,CATEGORIA_INTERLOCUTOR,CORREO_CORPORATIVO_INTER,CORREO_CORPORATIVO_INTER_COMPL,CORREO_DESTINATARIO,DESCARGA_PLANTILLAS,DESTINATARIO,FECHA_ALTA,FECHA_BAJA,FECHA_CUMPLIMENTACION,FECHA_ENVIO,FECHA_FINALIZACION,FECHA_LIMITE_CUMPLIMENTAR,FECHA_LIMITE_ENVIO,FECHA_NO_CONFORME,FECHA_VALID_APOYO,FECHA_VALID_JEFE_EQUIPO,NOMBRE_COMPLETO_INTERLOCUTOR,TELEFONO_INTERLOCUTOR,USERNAME_ALTA,USERNAME_BAJA,USERNAME_ENVIO,USERNAME_VALID_APOYO,USERNAME_VALID_JEFE_EQUIPO,USUARIO_FINALIZACION,USUARIO_NO_CONFORME,ID_INSPECCION) values (6,'mmayo@interior.es','Manuel Mayo Rodríguez','Inspector Auditor, Jefe del Servicio de Apoyo','915372541','Asunto','cargoInterlocutor','categoriaInterlocutor','correoCorpInterlocutor','correoCorpComplInterlocutor','correoDestinatario6@ezentis.com','true','Destinatario',to_timestamp('03/05/17 09:07:55,812000000','DD/MM/RR HH24:MI:SS,FF'),null,null,to_timestamp('03/05/17 09:07:55,812000000','DD/MM/RR HH24:MI:SS,FF'),null,to_timestamp('30/05/17 00:00:00,000000000','DD/MM/RR HH24:MI:SS,FF'),to_timestamp('06/05/17 00:00:00,000000000','DD/MM/RR HH24:MI:SS,FF'),to_timestamp('03/05/17 09:07:55,812000000','DD/MM/RR HH24:MI:SS,FF'),to_timestamp('03/05/17 09:07:55,812000000','DD/MM/RR HH24:MI:SS,FF'),to_timestamp('03/05/17 09:07:55,812000000','DD/MM/RR HH24:MI:SS,FF'),'nombreInterlocutor','000000000','parbona',null,'sfcarrasco','parbona','ajangulo',null,'sfcarrasco',6);
insert into SOLICITUD_DOC_PREVIA (ID,APOYO_CORREO,APOYO_NOMBRE,APOYO_PUESTO,APOYO_TELEFONO,ASUNTO,CARGO_INTERLOCUTOR,CATEGORIA_INTERLOCUTOR,CORREO_CORPORATIVO_INTER,CORREO_CORPORATIVO_INTER_COMPL,CORREO_DESTINATARIO,DESCARGA_PLANTILLAS,DESTINATARIO,FECHA_ALTA,FECHA_BAJA,FECHA_CUMPLIMENTACION,FECHA_ENVIO,FECHA_FINALIZACION,FECHA_LIMITE_CUMPLIMENTAR,FECHA_LIMITE_ENVIO,FECHA_NO_CONFORME,FECHA_VALID_APOYO,FECHA_VALID_JEFE_EQUIPO,NOMBRE_COMPLETO_INTERLOCUTOR,TELEFONO_INTERLOCUTOR,USERNAME_ALTA,USERNAME_BAJA,USERNAME_ENVIO,USERNAME_VALID_APOYO,USERNAME_VALID_JEFE_EQUIPO,USUARIO_FINALIZACION,USUARIO_NO_CONFORME,ID_INSPECCION) values (7,'mmayo@interior.es','Manuel Mayo Rodríguez','Inspector Auditor, Jefe del Servicio de Apoyo','915372541','Asunto','cargoInterlocutor','categoriaInterlocutor','correoCorpInterlocutor','correoCorpComplInterlocutor','correoDestinatario7@ezentis.com','true','Destinatario',to_timestamp('03/05/17 09:07:55,812000000','DD/MM/RR HH24:MI:SS,FF'),null,to_timestamp('03/05/17 09:07:55,812000000','DD/MM/RR HH24:MI:SS,FF'),to_timestamp('03/05/17 09:07:55,812000000','DD/MM/RR HH24:MI:SS,FF'),to_timestamp('03/05/17 09:07:55,812000000','DD/MM/RR HH24:MI:SS,FF'),to_timestamp('30/05/17 00:00:00,000000000','DD/MM/RR HH24:MI:SS,FF'),to_timestamp('06/05/17 00:00:00,000000000','DD/MM/RR HH24:MI:SS,FF'),null,to_timestamp('03/05/17 09:07:55,812000000','DD/MM/RR HH24:MI:SS,FF'),to_timestamp('03/05/17 09:07:55,812000000','DD/MM/RR HH24:MI:SS,FF'),'nombreInterlocutor','000000000','parbona',null,'sfcarrasco','parbona','ajangulo','sfcarrasco',null,7);
insert into SOLICITUD_DOC_PREVIA (ID,APOYO_CORREO,APOYO_NOMBRE,APOYO_PUESTO,APOYO_TELEFONO,ASUNTO,CARGO_INTERLOCUTOR,CATEGORIA_INTERLOCUTOR,CORREO_CORPORATIVO_INTER,CORREO_CORPORATIVO_INTER_COMPL,CORREO_DESTINATARIO,DESCARGA_PLANTILLAS,DESTINATARIO,FECHA_ALTA,FECHA_BAJA,FECHA_CUMPLIMENTACION,FECHA_ENVIO,FECHA_FINALIZACION,FECHA_LIMITE_CUMPLIMENTAR,FECHA_LIMITE_ENVIO,FECHA_NO_CONFORME,FECHA_VALID_APOYO,FECHA_VALID_JEFE_EQUIPO,NOMBRE_COMPLETO_INTERLOCUTOR,TELEFONO_INTERLOCUTOR,USERNAME_ALTA,USERNAME_BAJA,USERNAME_ENVIO,USERNAME_VALID_APOYO,USERNAME_VALID_JEFE_EQUIPO,USUARIO_FINALIZACION,USUARIO_NO_CONFORME,ID_INSPECCION) values (8,'mmayo@interior.es','Manuel Mayo Rodríguez','Inspector Auditor, Jefe del Servicio de Apoyo','915372541','Asunto','cargoInterlocutor','categoriaInterlocutor','correoCorpInterlocutor','correoCorpComplInterlocutor','correoDestinatario8@ezentis.com','true','Destinatario',to_timestamp('03/05/17 09:07:55,812000000','DD/MM/RR HH24:MI:SS,FF'),to_timestamp('03/05/17 09:07:55,812000000','DD/MM/RR HH24:MI:SS,FF'),to_timestamp('03/05/17 09:07:55,812000000','DD/MM/RR HH24:MI:SS,FF'),to_timestamp('03/05/17 09:07:55,812000000','DD/MM/RR HH24:MI:SS,FF'),to_timestamp('03/05/17 09:07:55,812000000','DD/MM/RR HH24:MI:SS,FF'),to_timestamp('30/05/17 00:00:00,000000000','DD/MM/RR HH24:MI:SS,FF'),to_timestamp('06/05/17 00:00:00,000000000','DD/MM/RR HH24:MI:SS,FF'),null,to_timestamp('03/05/17 09:07:55,812000000','DD/MM/RR HH24:MI:SS,FF'),to_timestamp('03/05/17 09:07:55,812000000','DD/MM/RR HH24:MI:SS,FF'),'nombreInterlocutor','000000000','parbona','sfcarrasco','sfcarrasco','parbona','ajangulo','sfcarrasco',null,8);


insert into DOCUMENTACION_PREVIA (ID,DESCRIPCION,EXTENSIONES,ID_SOLICITUD,NOMBRE) values (1,'Actas de las Comisiones Provinciales de Seguridad Privada de los años 2014 y 2015','PDF',1,'ACPSP');
insert into DOCUMENTACION_PREVIA (ID,DESCRIPCION,EXTENSIONES,ID_SOLICITUD,NOMBRE) values (2,'Evaluación de Riesgos Laborales','PDF',1,'PRL');
insert into DOCUMENTACION_PREVIA (ID,DESCRIPCION,EXTENSIONES,ID_SOLICITUD,NOMBRE) values (3,'Memoria Anual de 2015','PDF',1,'MA');

insert into tipo_documento (id, nombre) values (1,'tipoDoc1');
insert into tipo_documento (id, nombre) values (2,'tipoDoc2');
insert into tipo_documento (id, nombre) values (3,'tipoDoc3');

insert into documentos_blob (id, nombre_fichero) VALUES (1, 'fichero1.xlsx');
insert into documentos_blob (id, nombre_fichero) VALUES (2, 'fichero2.xlsx');
insert into documentos_blob (id, nombre_fichero) VALUES (3, 'fichero3.xlsx');
insert into documentos_blob (id, nombre_fichero) VALUES (4, 'fichero4.xlsx');

insert into documentos (id, id_fichero, tipo_contenido, nombre, fecha_alta, username_alta, tipo_documento) values (1, 1,'contenido_docx1','documento1.xlsx', to_timestamp('15/05/17 00:00:00,000000000','DD/MM/RR HH24:MI:SS,FF'), 'system', 3);
insert into documentos (id, id_fichero, tipo_contenido, nombre, fecha_alta, username_alta, tipo_documento) values (2, 2,'contenido_docx2','documento2.xlsx', to_timestamp('15/05/17 00:00:00,000000000','DD/MM/RR HH24:MI:SS,FF'), 'system', 2);
insert into documentos (id, id_fichero, tipo_contenido, nombre, fecha_alta, username_alta, tipo_documento,fecha_baja) values (3, 3,'contenido_docx3','documento3.xlsx', to_timestamp('15/05/17 00:00:00,000000000','DD/MM/RR HH24:MI:SS,FF'), 'system', 1, to_timestamp('15/05/17 00:00:00,000000000','DD/MM/RR HH24:MI:SS,FF'));
insert into documentos (id, id_fichero, tipo_contenido, nombre, fecha_alta, username_alta, tipo_documento) values (4, 4,'contenido_docx4','documento4.xlsx', to_timestamp('15/05/17 00:00:00,000000000','DD/MM/RR HH24:MI:SS,FF'), 'system', 3);

--Cuestionarios

insert into CONFIG_RESPUESTAS_CUESTIONARIO (CLAVE,SECCION,VALOR) values ('campo01', 'TABLATEST', 'TABLATEST1');
insert into CONFIG_RESPUESTAS_CUESTIONARIO (CLAVE,SECCION,VALOR) values ('campo01', 'MATRIZTEST', 'MATRIZTEST1');
insert into CONFIG_RESPUESTAS_CUESTIONARIO (CLAVE,SECCION,VALOR) values ('nombreFila01', 'MATRIZTEST', 'MATRIZTEST2');

Insert into MODELOSCUESTIONARIOS (id,CODIGO,DESCRIPCION) values (1,'MODELO_TEST','MODELO_TEST1');
Insert into areascuestionario (id, nombre_area, id_cuestionario, orden) values (1, 'AREATEST1', 1, 0);

insert into preguntascuestionario (ID, PREGUNTA, Id_area, tipo_respuesta, orden) Values (1, 'PreguntaTest1', 1, 'MATRIZTEST', 0);
insert into preguntascuestionario (ID, PREGUNTA, Id_area, tipo_respuesta, orden) Values (2, 'PreguntaTest2', 1, 'TABLATEST', 1);
insert into preguntascuestionario (ID, PREGUNTA, Id_area, tipo_respuesta, orden) Values (3, 'PreguntaTest3', 1, 'TABLATEST', 2);

--Cuestionario personalizado activo
insert into cuestionario_personalizado (ID, FECHA_BAJA, FECHA_CREACION, NOMBRE_CUESTIONARIO, USERNAME_BAJA, USERNAME_CREACION, ID_MODELO_CUESTIONARIO) VALUES (1, null, to_timestamp('28/04/17 00:00:00,000000000','DD/MM/RR HH24:MI:SS,FF'),'CUESTIONARIO_TEST1', null, 'system', 1);

--Cuestionario personalizado de baja
insert into cuestionario_personalizado (ID, FECHA_BAJA, FECHA_CREACION, NOMBRE_CUESTIONARIO, USERNAME_BAJA, USERNAME_CREACION, ID_MODELO_CUESTIONARIO) VALUES (2, to_timestamp('21/05/17 00:00:00,000000000','DD/MM/RR HH24:MI:SS,FF'), to_timestamp('20/05/17 00:00:00,000000000','DD/MM/RR HH24:MI:SS,FF'),'CUESTIONARIO_TEST2', null, 'system', 1);

--Cuestionario enviado sin respuesta aún
insert into cuestionarios_enviados (ID, CARGO, CORREO, FECHA_ANULACION, FECHA_CUMPLIMENTACION, FECHA_ENVIO, FECHA_FINALIZACION, FECHA_LIMITE_CUESTIONARIO, FECHA_NO_CONFORME, MOTIVO, NOMBRE_USUARIO, USERNAME_ANULACION, USERNAME_ENVIO, USERNAME_FINALIZACION, USERNAME_NO_CONFORME, ID_CUESTIONARIO_PERSONALIZADO, ID_INSPECCION) VALUES 
(1, 'cargoTest1', 'test1@ezentis.com', null, null, to_timestamp('10/05/17 00:00:00,000000000','DD/MM/RR HH24:MI:SS,FF'), null, SYSDATE, null, 'MOTIVO_CUESTIONARIO_TEST1', 'pepe', null, 'system', null, null, 1, 1);

--Cuestionario enviado y cumplimentado sin revisar
insert into cuestionarios_enviados (ID, CARGO, CORREO, FECHA_ANULACION, FECHA_CUMPLIMENTACION, FECHA_ENVIO, FECHA_FINALIZACION, FECHA_LIMITE_CUESTIONARIO, FECHA_NO_CONFORME, MOTIVO, NOMBRE_USUARIO, USERNAME_ANULACION, USERNAME_ENVIO, USERNAME_FINALIZACION, USERNAME_NO_CONFORME, ID_CUESTIONARIO_PERSONALIZADO, ID_INSPECCION) VALUES 
(2, 'cargoTest2', 'test2@ezentis.com', null, to_timestamp('15/05/17 00:00:00,000000000','DD/MM/RR HH24:MI:SS,FF'), to_timestamp('10/05/17 00:00:00,000000000','DD/MM/RR HH24:MI:SS,FF'), null, SYSDATE, null, 'MOTIVO_CUESTIONARIO_TEST1', 'pepe', null, 'system', null, null, 1, 1);

--Cuestionario enviado y cumplimentado no conforme
insert into cuestionarios_enviados (ID, CARGO, CORREO, FECHA_ANULACION, FECHA_CUMPLIMENTACION, FECHA_ENVIO, FECHA_FINALIZACION, FECHA_LIMITE_CUESTIONARIO, FECHA_NO_CONFORME, MOTIVO, NOMBRE_USUARIO, USERNAME_ANULACION, USERNAME_ENVIO, USERNAME_FINALIZACION, USERNAME_NO_CONFORME, ID_CUESTIONARIO_PERSONALIZADO, ID_INSPECCION) VALUES 
(3, 'cargoTest3', 'test3@ezentis.com', null, to_timestamp('15/05/17 00:00:00,000000000','DD/MM/RR HH24:MI:SS,FF'), to_timestamp('10/05/17 00:00:00,000000000','DD/MM/RR HH24:MI:SS,FF'), null, SYSDATE, to_timestamp('20/05/17 00:00:00,000000000','DD/MM/RR HH24:MI:SS,FF'), 'MOTIVO_CUESTIONARIO_TEST1', 'pepe', null, 'system', null, 'system', 1, 1);

--Cuestionario enviado y cumplimentado finalizado
insert into cuestionarios_enviados (ID, CARGO, CORREO, FECHA_ANULACION, FECHA_CUMPLIMENTACION, FECHA_ENVIO, FECHA_FINALIZACION, FECHA_LIMITE_CUESTIONARIO, FECHA_NO_CONFORME, MOTIVO, NOMBRE_USUARIO, USERNAME_ANULACION, USERNAME_ENVIO, USERNAME_FINALIZACION, USERNAME_NO_CONFORME, ID_CUESTIONARIO_PERSONALIZADO, ID_INSPECCION) VALUES 
(4, 'cargoTest4', 'test4@ezentis.com', null, to_timestamp('15/05/17 00:00:00,000000000','DD/MM/RR HH24:MI:SS,FF'), to_timestamp('10/05/17 00:00:00,000000000','DD/MM/RR HH24:MI:SS,FF'), SYSDATE, to_timestamp('26/05/17 00:00:00,000000000','DD/MM/RR HH24:MI:SS,FF'), null, 'MOTIVO_CUESTIONARIO_TEST1', 'pepe', null, 'system', 'system', null, 1, 1);

insert into respuestascuestionario (FECHA_VALIDACION, RESPUESTA_TEXTO, USERNAME_VALIDACION, ID_CUEST_ENVIADO, ID_PREGUNTA) VALUES (null, 'respuesta_test1', 'system', 1, 1);
insert into respuestascuestionario (FECHA_VALIDACION, RESPUESTA_TEXTO, USERNAME_VALIDACION, ID_CUEST_ENVIADO, ID_PREGUNTA) VALUES (null, 'respuesta_test2', 'system', 1, 2);

insert into respuestas_cuest_docs (ID_CUESTIONARIO_ENVIADO, ID_PREGUNTA, ID_DOCUMENTO) VALUES (1, 1, 1);
insert into respuestas_cuest_docs (ID_CUESTIONARIO_ENVIADO, ID_PREGUNTA, ID_DOCUMENTO) VALUES (1, 2, 2);

insert into solicitud_previa_docs (ID_SOLICITUD_PREVIA, ID_DOCUMENTO) VALUES (6, 4);

--Registro de actividad
insert into reg_actividad (REG_ACTIVIDAD, DESCRIPCION, FECHA_ALTA, NOMBRE_SECCION, TIPO_REG_ACTIVIDAD, USUARIO_REGISTRO) VALUES (1, 'registro_test1', to_timestamp('10/05/17 00:00:00,000000000','DD/MM/RR HH24:MI:SS,FF'), 'CUESTIONARIO', 'ALTA', 'raul');
insert into reg_actividad (REG_ACTIVIDAD, DESCRIPCION, FECHA_ALTA, NOMBRE_SECCION, TIPO_REG_ACTIVIDAD, USUARIO_REGISTRO) VALUES (2, 'registro_test2', to_timestamp('12/05/17 00:00:00,000000000','DD/MM/RR HH24:MI:SS,FF'), 'GESTOR', 'ALTA', 'usuario_Test');
insert into reg_actividad (REG_ACTIVIDAD, DESCRIPCION, FECHA_ALTA, NOMBRE_SECCION, TIPO_REG_ACTIVIDAD, USUARIO_REGISTRO) VALUES (3, 'registro_test3', to_timestamp('29/05/17 00:00:00,000000000','DD/MM/RR HH24:MI:SS,FF'), 'LOGIN', 'ALTA', 'usuario_Test');
insert into reg_actividad (REG_ACTIVIDAD, DESCRIPCION, FECHA_ALTA, NOMBRE_SECCION, TIPO_REG_ACTIVIDAD, USUARIO_REGISTRO) VALUES (4, 'registro_test4', to_timestamp('10/06/17 00:00:00,000000000','DD/MM/RR HH24:MI:SS,FF'), 'LOGIN', 'ALTA', 'raul');
insert into reg_actividad (REG_ACTIVIDAD, DESCRIPCION, FECHA_ALTA, NOMBRE_SECCION, TIPO_REG_ACTIVIDAD, USUARIO_REGISTRO) VALUES (5, 'registro_test5', to_timestamp('19/06/17 00:00:00,000000000','DD/MM/RR HH24:MI:SS,FF'), 'INSPECCION', 'ALTA', 'ezentis');
insert into reg_actividad (REG_ACTIVIDAD, DESCRIPCION, FECHA_ALTA, NOMBRE_SECCION, TIPO_REG_ACTIVIDAD, USUARIO_REGISTRO) VALUES (6, 'registro_test6', to_timestamp('30/04/17 00:00:00,000000000','DD/MM/RR HH24:MI:SS,FF'), 'INSPECCION', 'ALTA', 'ezentis');
insert into reg_actividad (REG_ACTIVIDAD, DESCRIPCION, FECHA_ALTA, NOMBRE_SECCION, TIPO_REG_ACTIVIDAD, USUARIO_REGISTRO) VALUES (7, 'registro_test7', to_timestamp('19/06/17 00:00:00,000000000','DD/MM/RR HH24:MI:SS,FF'), 'INSPECCION', 'ALTA', 'ezentis');
insert into reg_actividad (REG_ACTIVIDAD, DESCRIPCION, FECHA_ALTA, NOMBRE_SECCION, TIPO_REG_ACTIVIDAD, USUARIO_REGISTRO) VALUES (8, 'registro_test8', to_timestamp('24/06/17 00:00:00,000000000','DD/MM/RR HH24:MI:SS,FF'), 'INSPECCION', 'ALTA', 'usuario_Test');

--Alertas

insert into alertas (ID_ALERTA, DESCRIPCION, FECHA_REGISTRO, FECHA_BAJA, NOMBRE_SECCION, USUARIO_REGISTRO, USUARIO_BAJA) VALUES (1, 'alerta_test1', to_timestamp('10/05/17 00:00:00,000000000','DD/MM/RR HH24:MI:SS,FF'),null, 'ADMINISTRACION', 'raul_test', null);
insert into alertas (ID_ALERTA, DESCRIPCION, FECHA_REGISTRO, FECHA_BAJA, NOMBRE_SECCION, USUARIO_REGISTRO, USUARIO_BAJA) VALUES (2, 'alerta_test2', to_timestamp('5/05/17 00:00:00,000000000','DD/MM/RR HH24:MI:SS,FF'), to_timestamp('10/06/17 00:00:00,000000000','DD/MM/RR HH24:MI:SS,FF'), 'DOCUMENTACION', 'raul_test', 'raul_test');
insert into alertas (ID_ALERTA, DESCRIPCION, FECHA_REGISTRO, FECHA_BAJA, NOMBRE_SECCION, USUARIO_REGISTRO, USUARIO_BAJA) VALUES (3, 'alerta_test3', to_timestamp('11/06/17 00:00:00,000000000','DD/MM/RR HH24:MI:SS,FF'),null, 'DOCUMENTACION', 'raul_test', null);

insert into notificaciones (ID_NOTIFICACION, DESCRIPCION, FECHA_NOTIFICACION, FECHA_BAJA, NOMBRE_SECCION, TIPO_NOTIFICACION, USUARIO_REGISTRO, USUARIO_BAJA) VALUES (1, 'notificacion_test1', to_timestamp('10/05/17 00:00:00,000000000','DD/MM/RR HH24:MI:SS,FF'), to_timestamp('10/06/17 00:00:00,000000000','DD/MM/RR HH24:MI:SS,FF'), 'DOCUMENTACION', null, 'raul_test', 'raul_test');
insert into notificaciones (ID_NOTIFICACION, DESCRIPCION, FECHA_NOTIFICACION, FECHA_BAJA, NOMBRE_SECCION, TIPO_NOTIFICACION, USUARIO_REGISTRO, USUARIO_BAJA) VALUES (2, 'notificacion_test2', to_timestamp('10/05/17 00:00:00,000000000','DD/MM/RR HH24:MI:SS,FF'), null, 'ADMINISTRACION', null, 'system_test', null);
insert into notificaciones (ID_NOTIFICACION, DESCRIPCION, FECHA_NOTIFICACION, FECHA_BAJA, NOMBRE_SECCION, TIPO_NOTIFICACION, USUARIO_REGISTRO, USUARIO_BAJA) VALUES (3, 'notificacion_test3', to_timestamp('10/05/17 00:00:00,000000000','DD/MM/RR HH24:MI:SS,FF'), to_timestamp('11/06/17 00:00:00,000000000','DD/MM/RR HH24:MI:SS,FF'), 'GESTOR', null, 'raul_test', 'system');

Insert into ALERTAS_NOTIFICACIONES_USUARIO (USUARIO,TIPO_MENSAJE,ID_MENSAJE,FECHA_ALTA,NOMBRE_SECCION) values ('jcarranz','NOTIFICACION','2',to_timestamp('28/06/17 17:17:10,230000000','DD/MM/RR HH24:MI:SS,FF'),'CUESTIONARIO');
Insert into ALERTAS_NOTIFICACIONES_USUARIO (USUARIO,TIPO_MENSAJE,ID_MENSAJE,FECHA_ALTA,NOMBRE_SECCION) values ('egomez','ALERTA','2',to_timestamp('28/06/17 17:17:10,180000000','DD/MM/RR HH24:MI:SS,FF'),'CUESTIONARIO');
Insert into ALERTAS_NOTIFICACIONES_USUARIO (USUARIO,TIPO_MENSAJE,ID_MENSAJE,FECHA_ALTA,NOMBRE_SECCION) values ('jcarranz','NOTIFICACION','3',to_timestamp('28/06/17 17:17:10,172000000','DD/MM/RR HH24:MI:SS,FF'),'CUESTIONARIO');
Insert into ALERTAS_NOTIFICACIONES_USUARIO (USUARIO,TIPO_MENSAJE,ID_MENSAJE,FECHA_ALTA,NOMBRE_SECCION) values ('jcarranz','ALERTA','2',to_timestamp('28/06/17 17:17:10,162000000','DD/MM/RR HH24:MI:SS,FF'),'CUESTIONARIO');
Insert into ALERTAS_NOTIFICACIONES_USUARIO (USUARIO,TIPO_MENSAJE,ID_MENSAJE,FECHA_ALTA,NOMBRE_SECCION) values ('fvilchews','NOTIFICACION','1',to_timestamp('28/06/17 17:17:10,012000000','DD/MM/RR HH24:MI:SS,FF'),'CUESTIONARIO');

COMMIT;